importance_rank,osm_node_id,latitude,longitude,street_names,demand_level,total_demand_rate,design,design_name,completion_rate,avg_waiting_time_s,avg_queue_length,throughput_veh_s,traffic_efficiency
1,350390643,13.841924,100.7131838,ถนนสุเหร่าคลองหนึ่ง; ถนนเจริญพัฒนา,low,0.5,four_way,Existing Signalized Four-Way,0.13651877133105803,8.391304347826088,0.32166666666666666,0.03833333333333333,0.8533945258356035
2,5877834594,13.8601908,100.7403845,ซอยวัดสุขใจ,low,0.5,four_way,Existing Signalized Four-Way,0.13651877133105803,1.6363636363636365,0.03,0.018333333333333333,0.9674711212264354
3,2722951931,13.8941035,100.7034483,ซอยหนองระแหง 5; ถนนไทยรามัญ,low,0.5,four_way,Existing Signalized Four-Way,0.13651877133105803,7.780487804878049,0.5316666666666666,0.06833333333333333,0.851509667082885
4,3053324433,13.8860863,100.7221994,ถนนหทัยราษฎร์,low,0.5,four_way,Existing Signalized Four-Way,0.13651877133105803,23.285714285714285,1.0866666666666667,0.04666666666666667,0.6899659519393233
5,2739129171,13.8694104,100.7749543,วัดสุขใจ 36,low,0.5,four_way,Existing Signalized Four-Way,0.13651877133105803,10.727272727272727,0.19666666666666666,0.018333333333333333,0.8323668883983036
6,3834754707,13.8597869,100.7350807,ซอย วัดสุขใจ; ซอยวัดสุขใจ; วัดสุขใจ 1; วัดสุขใจ 4,low,0.5,four_way,Existing Signalized Four-Way,0.13651877133105803,15.26086956521739,0.585,0.03833333333333333,0.7704376811642852
7,3017429961,13.8311443,100.7610659,ถนนประชาร่วมใจ,low,0.5,four_way,Existing Signalized Four-Way,0.13651877133105803,6.5,0.39,0.06,0.8745571211651182
8,3841546184,13.8414941,100.7029031,ถนนสุเหร่าคลองหนึ่ง; สุเหร่าคลองหนึ่ง 5; สุเหร่าคลองหนึ่ง ซอย 5,low,0.5,four_way,Existing Signalized Four-Way,0.13651877133105803,20.071428571428573,0.4683333333333333,0.023333333333333334,0.7373648183310539
9,2722951940,13.9061458,100.6996359,ซอยหนองระแหง 5; ถนนหนองระแหง,low,0.5,four_way,Existing Signalized Four-Way,0.13651877133105803,10.8,0.54,0.05,0.8158837305413968
10,3010327836,13.8353969,100.7675243,ซอยประชาร่วมใจ 33; ซอยประชาร่วมใจ 44; ถนนประชาร่วมใจ,low,0.5,four_way,Existing Signalized Four-Way,0.13651877133105803,4.586206896551724,0.22166666666666668,0.04833333333333333,0.9096541714810968
11,5817136062,13.8393703,100.773706,ถนนประชาร่วมใจ,low,0.5,four_way,Existing Signalized Four-Way,0.13651877133105803,16.695652173913043,0.64,0.03833333333333333,0.7558452307055659
12,5935920708,13.8958999,100.7151813,ถนนไทยรามัญ,low,0.5,four_way,Existing Signalized Four-Way,0.13651877133105803,11.24390243902439,0.7683333333333333,0.06833333333333333,0.8013777783722789
13,3010521944,13.8416099,100.7790452,ซอยประชาร่วมใจ 45; ซอยประชาร่วมใจ 60; ถนนประชาร่วมใจ,low,0.5,four_way,Existing Signalized Four-Way,0.13651877133105803,15.384615384615385,0.3333333333333333,0.021666666666666667,0.7806101694915255
14,5870258361,13.8479329,100.7273239,ถนนสามวา,low,0.5,four_way,Existing Signalized Four-Way,0.13651877133105803,14.571428571428571,0.17,0.011666666666666667,0.7955230204312211
15,5933246533,13.9119598,100.7070246,ถนนหนองระแหง,low,0.5,four_way,Existing Signalized Four-Way,0.13651877133105803,4.857142857142857,0.056666666666666664,0.011666666666666667,0.9135800375753712
16,5933392468,13.9087958,100.6955807,ซอยหนองระแหง 4,low,0.5,four_way,Existing Signalized Four-Way,0.13651877133105803,9.473684210526315,0.3,0.03166666666666667,0.8415421686746987
17,8236662649,13.8768935,100.7817271,ถนนแบนชะโด,low,0.5,four_way,Existing Signalized Four-Way,0.13651877133105803,24.4,0.20333333333333334,0.008333333333333333,0.7209676841073691
18,3673190579,13.8953156,100.6961963,ซอยไทยรามัญ; ถนนไทยรามัญ,low,0.5,four_way,Existing Signalized Four-Way,0.13651877133105803,7.375,0.09833333333333333,0.013333333333333334,0.8767483847165658
19,8392620342,13.8729128,100.6894381,ถนนพระยาสุเรนทร์,low,0.5,four_way,Existing Signalized Four-Way,0.13651877133105803,8.142857142857142,0.095,0.011666666666666667,0.8672158566461472
20,3012564666,13.8466951,100.7908739,ซอยประชาร่วมใจ 63; ถนนประชาร่วมใจ,low,0.5,four_way,Existing Signalized Four-Way,0.13651877133105803,16.333333333333332,0.16333333333333333,0.01,0.780485941993649
21,3843843349,13.824774,100.7511067,ถนนประชาร่วมใจ,low,0.5,four_way,Existing Signalized Four-Way,0.13651877133105803,18.0,0.24,0.013333333333333334,0.7633495145631068
22,3845068387,13.824209,100.7125358,ซอยเจริญพัฒนา 5; ถนนเจริญพัฒนา,low,0.5,four_way,Existing Signalized Four-Way,0.13651877133105803,12.5,0.20833333333333334,0.016666666666666666,0.8133771275007464
23,5936141680,13.9033267,100.6912209,ซอยหนองระแหง 4,low,0.5,four_way,Existing Signalized Four-Way,0.13651877133105803,7.5,0.125,0.016666666666666666,0.8738461538461539
24,3834754705,13.8596453,100.7392992,ซอยวัดสุขใจ; วัดสุขใจ 5/1; วัดสุขใจ 6,low,0.5,four_way,Existing Signalized Four-Way,0.13651877133105803,14.176470588235293,0.40166666666666667,0.028333333333333332,0.7883335345242248
25,1669530698,13.8330777,100.7640554,ถนนประชาร่วมใจ,low,0.5,four_way,Existing Signalized Four-Way,0.13651877133105803,10.266666666666667,0.5133333333333333,0.05,0.8229008385755108
26,6128822544,13.8408751,100.698682,ถนนสุเหร่าคลองหนึ่ง; สุเหร่าคลองหนึ่ง 2,low,0.5,four_way,Existing Signalized Four-Way,0.13651877133105803,26.0,0.30333333333333334,0.011666666666666667,0.7068159660492057
27,1669530708,13.8365706,100.7693233,ถนนประชาร่วมใจ,low,0.5,four_way,Existing Signalized Four-Way,0.13651877133105803,14.964285714285714,0.6983333333333334,0.04666666666666667,0.7682042807783194
28,5941658256,13.8956484,100.7134093,ถนนไทยรามัญ,low,0.5,four_way,Existing Signalized Four-Way,0.13651877133105803,10.11111111111111,0.6066666666666667,0.06,0.8205582650825768
29,5941663059,13.8953657,100.7106823,ถนนไทยรามัญ,low,0.5,four_way,Existing Signalized Four-Way,0.13651877133105803,9.657894736842104,0.6116666666666667,0.06333333333333334,0.8254708142852869
30,4688947276,13.8947865,100.7075883,ถนนไทยรามัญ,low,0.5,four_way,Existing Signalized Four-Way,0.13651877133105803,12.621621621621621,0.7783333333333333,0.06166666666666667,0.7868547526570664
1,350390643,13.841924,100.7131838,ถนนสุเหร่าคลองหนึ่ง; ถนนเจริญพัฒนา,medium,1.0,four_way,Existing Signalized Four-Way,0.13192182410423453,8.75,0.8166666666666667,0.09333333333333334,0.8274650893347155
2,5877834594,13.8601908,100.7403845,ซอยวัดสุขใจ,medium,1.0,four_way,Existing Signalized Four-Way,0.13192182410423453,11.84375,0.6316666666666667,0.05333333333333334,0.800899709734305
3,2722951931,13.8941035,100.7034483,ซอยหนองระแหง 5; ถนนไทยรามัญ,medium,1.0,four_way,Existing Signalized Four-Way,0.13192182410423453,7.625,0.8133333333333334,0.10666666666666667,0.8414915485949508
4,3053324433,13.8860863,100.7221994,ถนนหทัยราษฎร์,medium,1.0,four_way,Existing Signalized Four-Way,0.13192182410423453,16.433962264150942,1.4516666666666667,0.08833333333333333,0.7262119248963069
5,2739129171,13.8694104,100.7749543,วัดสุขใจ 36,medium,1.0,four_way,Existing Signalized Four-Way,0.13192182410423453,17.64864864864865,1.0883333333333334,0.06166666666666667,0.7298649345996869
6,3834754707,13.8597869,100.7350807,ซอย วัดสุขใจ; ซอยวัดสุขใจ; วัดสุขใจ 1; วัดสุขใจ 4,medium,1.0,four_way,Existing Signalized Four-Way,0.13192182410423453,7.723404255319149,0.605,0.07833333333333334,0.849034176210856
7,3017429961,13.8311443,100.7610659,ถนนประชาร่วมใจ,medium,1.0,four_way,Existing Signalized Four-Way,0.13192182410423453,5.861538461538461,0.635,0.10833333333333334,0.8725153311140572
8,3841546184,13.8414941,100.7029031,ถนนสุเหร่าคลองหนึ่ง; สุเหร่าคลองหนึ่ง 5; สุเหร่าคลองหนึ่ง ซอย 5,medium,1.0,four_way,Existing Signalized Four-Way,0.13192182410423453,18.372093023255815,1.3166666666666667,0.07166666666666667,0.7155858676207514
9,2722951940,13.9061458,100.6996359,ซอยหนองระแหง 5; ถนนหนองระแหง,medium,1.0,four_way,Existing Signalized Four-Way,0.13192182410423453,13.510204081632653,1.1033333333333333,0.08166666666666667,0.7652156499313353
10,3010327836,13.8353969,100.7675243,ซอยประชาร่วมใจ 33; ซอยประชาร่วมใจ 44; ถนนประชาร่วมใจ,medium,1.0,four_way,Existing Signalized Four-Way,0.13192182410423453,5.28125,0.5633333333333334,0.10666666666666667,0.88387226455928
11,5817136062,13.8393703,100.773706,ถนนประชาร่วมใจ,medium,1.0,four_way,Existing Signalized Four-Way,0.13192182410423453,13.628571428571428,0.795,0.058333333333333334,0.7764167665366217
12,5935920708,13.8958999,100.7151813,ถนนไทยรามัญ,medium,1.0,four_way,Existing Signalized Four-Way,0.13192182410423453,10.202247191011235,1.5133333333333334,0.14833333333333334,0.7841061724632702
13,3010521944,13.8416099,100.7790452,ซอยประชาร่วมใจ 45; ซอยประชาร่วมใจ 60; ถนนประชาร่วมใจ,medium,1.0,four_way,Existing Signalized Four-Way,0.13192182410423453,17.761904761904763,0.6216666666666667,0.035,0.7480273272585106
14,5870258361,13.8479329,100.7273239,ถนนสามวา,medium,1.0,four_way,Existing Signalized Four-Way,0.13192182410423453,10.2,0.255,0.025,0.8354050462406322
15,5933246533,13.9119598,100.7070246,ถนนหนองระแหง,medium,1.0,four_way,Existing Signalized Four-Way,0.13192182410423453,11.583333333333334,0.23166666666666666,0.02,0.8216083919205084
16,5933392468,13.9087958,100.6955807,ซอยหนองระแหง 4,medium,1.0,four_way,Existing Signalized Four-Way,0.13192182410423453,4.8125,0.25666666666666665,0.05333333333333334,0.9046212588489145
17,8236662649,13.8768935,100.7817271,ถนนแบนชะโด,medium,1.0,four_way,Existing Signalized Four-Way,0.13192182410423453,10.071428571428571,0.235,0.023333333333333334,0.8377831675806604
18,3673190579,13.8953156,100.6961963,ซอยไทยรามัญ; ถนนไทยรามัญ,medium,1.0,four_way,Existing Signalized Four-Way,0.13192182410423453,17.083333333333332,0.3416666666666667,0.02,0.7659172685721358
19,8392620342,13.8729128,100.6894381,ถนนพระยาสุเรนทร์,medium,1.0,four_way,Existing Signalized Four-Way,0.13192182410423453,7.142857142857143,0.16666666666666666,0.023333333333333334,0.8764521193092623
20,3012564666,13.8466951,100.7908739,ซอยประชาร่วมใจ 63; ถนนประชาร่วมใจ,medium,1.0,four_way,Existing Signalized Four-Way,0.13192182410423453,13.823529411764707,0.39166666666666666,0.028333333333333332,0.7920689402371319
21,3843843349,13.824774,100.7511067,ถนนประชาร่วมใจ,medium,1.0,four_way,Existing Signalized Four-Way,0.13192182410423453,11.454545454545455,0.21,0.018333333333333333,0.8239791012244375
22,3845068387,13.824209,100.7125358,ซอยเจริญพัฒนา 5; ถนนเจริญพัฒนา,medium,1.0,four_way,Existing Signalized Four-Way,0.13192182410423453,14.631578947368421,0.4633333333333333,0.03166666666666667,0.7814035016014328
23,5936141680,13.9033267,100.6912209,ซอยหนองระแหง 4,medium,1.0,four_way,Existing Signalized Four-Way,0.13192182410423453,10.0,0.23333333333333334,0.023333333333333334,0.8386639676113361
24,3834754705,13.8596453,100.7392992,ซอยวัดสุขใจ; วัดสุขใจ 5/1; วัดสุขใจ 6,medium,1.0,four_way,Existing Signalized Four-Way,0.13192182410423453,11.636363636363637,0.64,0.055,0.8026847808507197
25,1669530698,13.8330777,100.7640554,ถนนประชาร่วมใจ,medium,1.0,four_way,Existing Signalized Four-Way,0.13192182410423453,12.380952380952381,1.3,0.105,0.7688051226289718
26,6128822544,13.8408751,100.698682,ถนนสุเหร่าคลองหนึ่ง; สุเหร่าคลองหนึ่ง 2,medium,1.0,four_way,Existing Signalized Four-Way,0.13192182410423453,18.647058823529413,0.5283333333333333,0.028333333333333332,0.7452319472824422
27,1669530708,13.8365706,100.7693233,ถนนประชาร่วมใจ,medium,1.0,four_way,Existing Signalized Four-Way,0.13192182410423453,12.864406779661017,1.265,0.09833333333333333,0.7653146863891007
28,5941658256,13.8956484,100.7134093,ถนนไทยรามัญ,medium,1.0,four_way,Existing Signalized Four-Way,0.13192182410423453,9.606741573033707,1.425,0.14833333333333334,0.793990631525481
29,5941663059,13.8953657,100.7106823,ถนนไทยรามัญ,medium,1.0,four_way,Existing Signalized Four-Way,0.13192182410423453,11.707317073170731,1.6,0.13666666666666666,0.7649122807017544
30,4688947276,13.8947865,100.7075883,ถนนไทยรามัญ,medium,1.0,four_way,Existing Signalized Four-Way,0.13192182410423453,8.098591549295774,0.9583333333333334,0.11833333333333333,0.8296677126767829
1,350390643,13.841924,100.7131838,ถนนสุเหร่าคลองหนึ่ง; ถนนเจริญพัฒนา,high,2.0,four_way,Existing Signalized Four-Way,0.1389776357827476,7.410256410256411,1.445,0.195,0.8199550734003108
2,5877834594,13.8601908,100.7403845,ซอยวัดสุขใจ,high,2.0,four_way,Existing Signalized Four-Way,0.1389776357827476,7.9868421052631575,1.0116666666666667,0.12666666666666668,0.8289435323195522
3,2722951931,13.8941035,100.7034483,ซอยหนองระแหง 5; ถนนไทยรามัญ,high,2.0,four_way,Existing Signalized Four-Way,0.1389776357827476,7.6692307692307695,1.6616666666666666,0.21666666666666667,0.8090493738020649
4,3053324433,13.8860863,100.7221994,ถนนหทัยราษฎร์,high,2.0,four_way,Existing Signalized Four-Way,0.1389776357827476,22.204545454545453,3.256666666666667,0.14666666666666667,0.6290735466391576
5,2739129171,13.8694104,100.7749543,วัดสุขใจ 36,high,2.0,four_way,Existing Signalized Four-Way,0.1389776357827476,14.203389830508474,1.3966666666666667,0.09833333333333333,0.7477548819687615
6,3834754707,13.8597869,100.7350807,ซอย วัดสุขใจ; ซอยวัดสุขใจ; วัดสุขใจ 1; วัดสุขใจ 4,high,2.0,four_way,Existing Signalized Four-Way,0.1389776357827476,11.721739130434782,2.2466666666666666,0.19166666666666668,0.7437264442487557
7,3017429961,13.8311443,100.7610659,ถนนประชาร่วมใจ,high,2.0,four_way,Existing Signalized Four-Way,0.1389776357827476,8.140495867768594,1.6416666666666666,0.20166666666666666,0.8038321545522052
8,3841546184,13.8414941,100.7029031,ถนนสุเหร่าคลองหนึ่ง; สุเหร่าคลองหนึ่ง 5; สุเหร่าคลองหนึ่ง ซอย 5,high,2.0,four_way,Existing Signalized Four-Way,0.1389776357827476,17.87142857142857,2.085,0.11666666666666667,0.6933100871775228
9,2722951940,13.9061458,100.6996359,ซอยหนองระแหง 5; ถนนหนองระแหง,high,2.0,four_way,Existing Signalized Four-Way,0.1389776357827476,13.980392156862745,2.3766666666666665,0.17,0.7176574900045958
10,3010327836,13.8353969,100.7675243,ซอยประชาร่วมใจ 33; ซอยประชาร่วมใจ 44; ถนนประชาร่วมใจ,high,2.0,four_way,Existing Signalized Four-Way,0.1389776357827476,5.8,0.9666666666666667,0.16666666666666666,0.8596706195094599
11,5817136062,13.8393703,100.773706,ถนนประชาร่วมใจ,high,2.0,four_way,Existing Signalized Four-Way,0.1389776357827476,15.943661971830986,1.8866666666666667,0.11833333333333333,0.715452421537697
12,5935920708,13.8958999,100.7151813,ถนนไทยรามัญ,high,2.0,four_way,Existing Signalized Four-Way,0.1389776357827476,11.652173913043478,2.68,0.23,0.7317757813171948
13,3010521944,13.8416099,100.7790452,ซอยประชาร่วมใจ 45; ซอยประชาร่วมใจ 60; ถนนประชาร่วมใจ,high,2.0,four_way,Existing Signalized Four-Way,0.1389776357827476,13.884615384615385,1.2033333333333334,0.08666666666666667,0.7578666292522525
14,5870258361,13.8479329,100.7273239,ถนนสามวา,high,2.0,four_way,Existing Signalized Four-Way,0.1389776357827476,9.944444444444445,0.5966666666666667,0.06,0.8228631705424307
15,5933246533,13.9119598,100.7070246,ถนนหนองระแหง,high,2.0,four_way,Existing Signalized Four-Way,0.1389776357827476,6.96875,0.37166666666666665,0.05333333333333334,0.8691394059010714
16,5933392468,13.9087958,100.6955807,ซอยหนองระแหง 4,high,2.0,four_way,Existing Signalized Four-Way,0.1389776357827476,9.379310344827585,0.9066666666666666,0.09666666666666666,0.8163742567404596
17,8236662649,13.8768935,100.7817271,ถนนแบนชะโด,high,2.0,four_way,Existing Signalized Four-Way,0.1389776357827476,11.526315789473685,0.365,0.03166666666666667,0.8160064000145455
18,3673190579,13.8953156,100.6961963,ซอยไทยรามัญ; ถนนไทยรามัญ,high,2.0,four_way,Existing Signalized Four-Way,0.1389776357827476,8.4,0.35,0.041666666666666664,0.8519835329341318
19,8392620342,13.8729128,100.6894381,ถนนพระยาสุเรนทร์,high,2.0,four_way,Existing Signalized Four-Way,0.1389776357827476,10.45945945945946,0.645,0.06166666666666667,0.8150459391889621
20,3012564666,13.8466951,100.7908739,ซอยประชาร่วมใจ 63; ถนนประชาร่วมใจ,high,2.0,four_way,Existing Signalized Four-Way,0.1389776357827476,8.466666666666667,0.635,0.075,0.8385224375024463
21,3843843349,13.824774,100.7511067,ถนนประชาร่วมใจ,high,2.0,four_way,Existing Signalized Four-Way,0.1389776357827476,9.21875,0.49166666666666664,0.05333333333333334,0.8358041826804655
22,3845068387,13.824209,100.7125358,ซอยเจริญพัฒนา 5; ถนนเจริญพัฒนา,high,2.0,four_way,Existing Signalized Four-Way,0.1389776357827476,9.222222222222221,0.5533333333333333,0.06,0.8330466616177117
23,5936141680,13.9033267,100.6912209,ซอยหนองระแหง 4,high,2.0,four_way,Existing Signalized Four-Way,0.1389776357827476,11.461538461538462,0.49666666666666665,0.043333333333333335,0.8107555729592384
24,3834754705,13.8596453,100.7392992,ซอยวัดสุขใจ; วัดสุขใจ 5/1; วัดสุขใจ 6,high,2.0,four_way,Existing Signalized Four-Way,0.1389776357827476,11.536585365853659,1.5766666666666667,0.13666666666666666,0.7674983991518827
25,1669530698,13.8330777,100.7640554,ถนนประชาร่วมใจ,high,2.0,four_way,Existing Signalized Four-Way,0.1389776357827476,15.37864077669903,2.64,0.17166666666666666,0.6974142673757564
26,6128822544,13.8408751,100.698682,ถนนสุเหร่าคลองหนึ่ง; สุเหร่าคลองหนึ่ง 2,high,2.0,four_way,Existing Signalized Four-Way,0.1389776357827476,21.864864864864863,1.3483333333333334,0.06166666666666667,0.689362764803941
27,1669530708,13.8365706,100.7693233,ถนนประชาร่วมใจ,high,2.0,four_way,Existing Signalized Four-Way,0.1389776357827476,17.265060240963855,2.388333333333333,0.13833333333333334,0.6888688596735351
28,5941658256,13.8956484,100.7134093,ถนนไทยรามัญ,high,2.0,four_way,Existing Signalized Four-Way,0.1389776357827476,14.440944881889763,3.0566666666666666,0.21166666666666667,0.6944500412047381
29,5941663059,13.8953657,100.7106823,ถนนไทยรามัญ,high,2.0,four_way,Existing Signalized Four-Way,0.1389776357827476,15.91304347826087,3.05,0.19166666666666668,0.68163821472645
30,4688947276,13.8947865,100.7075883,ถนนไทยรามัญ,high,2.0,four_way,Existing Signalized Four-Way,0.1389776357827476,12.504273504273504,2.4383333333333335,0.195,0.7300491791872825
1,350390643,13.841924,100.7131838,ถนนสุเหร่าคลองหนึ่ง; ถนนเจริญพัฒนา,low,0.5,roundabout,Roundabout,0.13993174061433447,0.037037037037037035,0.0016666666666666668,0.045,0.9991768566505488
2,5877834594,13.8601908,100.7403845,ซอยวัดสุขใจ,low,0.5,roundabout,Roundabout,0.13993174061433447,0.0,0.0,0.016666666666666666,1.0
3,2722951931,13.8941035,100.7034483,ซอยหนองระแหง 5; ถนนไทยรามัญ,low,0.5,roundabout,Roundabout,0.13993174061433447,0.06060606060606061,0.0033333333333333335,0.055,0.9986237253294998
4,3053324433,13.8860863,100.7221994,ถนนหทัยราษฎร์,low,0.5,roundabout,Roundabout,0.13993174061433447,0.1282051282051282,0.008333333333333333,0.065,0.9970305754201076
5,2739129171,13.8694104,100.7749543,วัดสุขใจ 36,low,0.5,roundabout,Roundabout,0.13993174061433447,0.0,0.0,0.021666666666666667,1.0
6,3834754707,13.8597869,100.7350807,ซอย วัดสุขใจ; ซอยวัดสุขใจ; วัดสุขใจ 1; วัดสุขใจ 4,low,0.5,roundabout,Roundabout,0.13993174061433447,0.041666666666666664,0.0016666666666666668,0.04,0.999084506492955
7,3017429961,13.8311443,100.7610659,ถนนประชาร่วมใจ,low,0.5,roundabout,Roundabout,0.13993174061433447,0.08108108108108109,0.005,0.06166666666666667,0.9981329054785503
8,3841546184,13.8414941,100.7029031,ถนนสุเหร่าคลองหนึ่ง; สุเหร่าคลองหนึ่ง 5; สุเหร่าคลองหนึ่ง ซอย 5,low,0.5,roundabout,Roundabout,0.13993174061433447,0.0,0.0,0.025,1.0
9,2722951940,13.9061458,100.6996359,ซอยหนองระแหง 5; ถนนหนองระแหง,low,0.5,roundabout,Roundabout,0.13993174061433447,0.0,0.0,0.005,1.0
10,3010327836,13.8353969,100.7675243,ซอยประชาร่วมใจ 33; ซอยประชาร่วมใจ 44; ถนนประชาร่วมใจ,low,0.5,roundabout,Roundabout,0.13993174061433447,0.03225806451612903,0.0016666666666666668,0.051666666666666666,0.9992722157105205
11,5817136062,13.8393703,100.773706,ถนนประชาร่วมใจ,low,0.5,roundabout,Roundabout,0.13993174061433447,0.043478260869565216,0.0016666666666666668,0.03833333333333333,0.999048377222425
12,5935920708,13.8958999,100.7151813,ถนนไทยรามัญ,low,0.5,roundabout,Roundabout,0.13993174061433447,0.023255813953488372,0.0016666666666666668,0.07166666666666667,0.9994519280210632
13,3010521944,13.8416099,100.7790452,ซอยประชาร่วมใจ 45; ซอยประชาร่วมใจ 60; ถนนประชาร่วมใจ,low,0.5,roundabout,Roundabout,0.13993174061433447,0.0,0.0,0.021666666666666667,1.0
14,5870258361,13.8479329,100.7273239,ถนนสามวา,low,0.5,roundabout,Roundabout,0.13993174061433447,0.0,0.0,0.01,1.0
15,5933246533,13.9119598,100.7070246,ถนนหนองระแหง,low,0.5,roundabout,Roundabout,0.13993174061433447,0.5714285714285714,0.006666666666666667,0.011666666666666667,0.9884519909421278
16,5933392468,13.9087958,100.6955807,ซอยหนองระแหง 4,low,0.5,roundabout,Roundabout,0.13993174061433447,0.1,0.0033333333333333335,0.03333333333333333,0.9978400472671269
17,8236662649,13.8768935,100.7817271,ถนนแบนชะโด,low,0.5,roundabout,Roundabout,0.13993174061433447,0.0,0.0,0.008333333333333333,1.0
18,3673190579,13.8953156,100.6961963,ซอยไทยรามัญ; ถนนไทยรามัญ,low,0.5,roundabout,Roundabout,0.13993174061433447,0.0,0.0,0.015,1.0
19,8392620342,13.8729128,100.6894381,ถนนพระยาสุเรนทร์,low,0.5,roundabout,Roundabout,0.13993174061433447,0.0,0.0,0.011666666666666667,1.0
20,3012564666,13.8466951,100.7908739,ซอยประชาร่วมใจ 63; ถนนประชาร่วมใจ,low,0.5,roundabout,Roundabout,0.13993174061433447,0.0,0.0,0.01,1.0
21,3843843349,13.824774,100.7511067,ถนนประชาร่วมใจ,low,0.5,roundabout,Roundabout,0.13993174061433447,0.0,0.0,0.015,1.0
22,3845068387,13.824209,100.7125358,ซอยเจริญพัฒนา 5; ถนนเจริญพัฒนา,low,0.5,roundabout,Roundabout,0.13993174061433447,0.0,0.0,0.015,1.0
23,5936141680,13.9033267,100.6912209,ซอยหนองระแหง 4,low,0.5,roundabout,Roundabout,0.13993174061433447,0.0,0.0,0.011666666666666667,1.0
24,3834754705,13.8596453,100.7392992,ซอยวัดสุขใจ; วัดสุขใจ 5/1; วัดสุขใจ 6,low,0.5,roundabout,Roundabout,0.13993174061433447,0.0,0.0,0.023333333333333334,1.0
25,1669530698,13.8330777,100.7640554,ถนนประชาร่วมใจ,low,0.5,roundabout,Roundabout,0.13993174061433447,0.09090909090909091,0.005,0.055,0.9979374673306525
26,6128822544,13.8408751,100.698682,ถนนสุเหร่าคลองหนึ่ง; สุเหร่าคลองหนึ่ง 2,low,0.5,roundabout,Roundabout,0.13993174061433447,0.0,0.0,0.011666666666666667,1.0
27,1669530708,13.8365706,100.7693233,ถนนประชาร่วมใจ,low,0.5,roundabout,Roundabout,0.13993174061433447,0.06060606060606061,0.0033333333333333335,0.055,0.9986237253294998
28,5941658256,13.8956484,100.7134093,ถนนไทยรามัญ,low,0.5,roundabout,Roundabout,0.13993174061433447,0.05128205128205128,0.0033333333333333335,0.065,0.9988095119638716
29,5941663059,13.8953657,100.7106823,ถนนไทยรามัญ,low,0.5,roundabout,Roundabout,0.13993174061433447,0.09302325581395349,0.006666666666666667,0.07166666666666667,0.9978122301482407
30,4688947276,13.8947865,100.7075883,ถนนไทยรามัญ,low,0.5,roundabout,Roundabout,0.13993174061433447,0.1794871794871795,0.011666666666666667,0.065,0.9958491218997219
1,350390643,13.841924,100.7131838,ถนนสุเหร่าคลองหนึ่ง; ถนนเจริญพัฒนา,medium,1.0,roundabout,Roundabout,0.14006514657980457,0.13559322033898305,0.013333333333333334,0.09833333333333333,0.9966347800534916
2,5877834594,13.8601908,100.7403845,ซอยวัดสุขใจ,medium,1.0,roundabout,Roundabout,0.14006514657980457,0.03125,0.0016666666666666668,0.05333333333333334,0.9992923343883655
3,2722951931,13.8941035,100.7034483,ซอยหนองระแหง 5; ถนนไทยรามัญ,medium,1.0,roundabout,Roundabout,0.14006514657980457,0.09090909090909091,0.008333333333333333,0.09166666666666666,0.9977710780877171
4,3053324433,13.8860863,100.7221994,ถนนหทัยราษฎร์,medium,1.0,roundabout,Roundabout,0.14006514657980457,0.2711864406779661,0.02666666666666667,0.09833333333333333,0.9932959563679113
5,2739129171,13.8694104,100.7749543,วัดสุขใจ 36,medium,1.0,roundabout,Roundabout,0.14006514657980457,0.02631578947368421,0.0016666666666666668,0.06333333333333334,0.9993908295105771
6,3834754707,13.8597869,100.7350807,ซอย วัดสุขใจ; ซอยวัดสุขใจ; วัดสุขใจ 1; วัดสุขใจ 4,medium,1.0,roundabout,Roundabout,0.14006514657980457,0.1702127659574468,0.013333333333333334,0.07833333333333334,0.9959493932303707
7,3017429961,13.8311443,100.7610659,ถนนประชาร่วมใจ,medium,1.0,roundabout,Roundabout,0.14006514657980457,0.06349206349206349,0.006666666666666667,0.105,0.9983997847622581
8,3841546184,13.8414941,100.7029031,ถนนสุเหร่าคลองหนึ่ง; สุเหร่าคลองหนึ่ง 5; สุเหร่าคลองหนึ่ง ซอย 5,medium,1.0,roundabout,Roundabout,0.14006514657980457,0.0,0.0,0.07333333333333333,1.0
9,2722951940,13.9061458,100.6996359,ซอยหนองระแหง 5; ถนนหนองระแหง,medium,1.0,roundabout,Roundabout,0.14006514657980457,0.10526315789473684,0.0033333333333333335,0.03166666666666667,0.9977355006509525
10,3010327836,13.8353969,100.7675243,ซอยประชาร่วมใจ 33; ซอยประชาร่วมใจ 44; ถนนประชาร่วมใจ,medium,1.0,roundabout,Roundabout,0.14006514657980457,0.109375,0.011666666666666667,0.10666666666666667,0.9972379624118908
11,5817136062,13.8393703,100.773706,ถนนประชาร่วมใจ,medium,1.0,roundabout,Roundabout,0.14006514657980457,0.0,0.0,0.06166666666666667,1.0
12,5935920708,13.8958999,100.7151813,ถนนไทยรามัญ,medium,1.0,roundabout,Roundabout,0.14006514657980457,0.044444444444444446,0.006666666666666667,0.15,0.9987793702486587
13,3010521944,13.8416099,100.7790452,ซอยประชาร่วมใจ 45; ซอยประชาร่วมใจ 60; ถนนประชาร่วมใจ,medium,1.0,roundabout,Roundabout,0.14006514657980457,0.09090909090909091,0.0033333333333333335,0.03666666666666667,0.9980207139271025
14,5870258361,13.8479329,100.7273239,ถนนสามวา,medium,1.0,roundabout,Roundabout,0.14006514657980457,0.13333333333333333,0.0033333333333333335,0.025,0.9971785354922174
15,5933246533,13.9119598,100.7070246,ถนนหนองระแหง,medium,1.0,roundabout,Roundabout,0.14006514657980457,0.0,0.0,0.02,1.0
16,5933392468,13.9087958,100.6955807,ซอยหนองระแหง 4,medium,1.0,roundabout,Roundabout,0.14006514657980457,0.0,0.0,0.055,1.0
17,8236662649,13.8768935,100.7817271,ถนนแบนชะโด,medium,1.0,roundabout,Roundabout,0.14006514657980457,0.0,0.0,0.023333333333333334,1.0
18,3673190579,13.8953156,100.6961963,ซอยไทยรามัญ; ถนนไทยรามัญ,medium,1.0,roundabout,Roundabout,0.14006514657980457,0.06666666666666667,0.0016666666666666668,0.025,0.9985863070840286
19,8392620342,13.8729128,100.6894381,ถนนพระยาสุเรนทร์,medium,1.0,roundabout,Roundabout,0.14006514657980457,0.0,0.0,0.021666666666666667,1.0
20,3012564666,13.8466951,100.7908739,ซอยประชาร่วมใจ 63; ถนนประชาร่วมใจ,medium,1.0,roundabout,Roundabout,0.14006514657980457,0.0,0.0,0.028333333333333332,1.0
21,3843843349,13.824774,100.7511067,ถนนประชาร่วมใจ,medium,1.0,roundabout,Roundabout,0.14006514657980457,0.09090909090909091,0.0016666666666666668,0.018333333333333333,0.9981039952024093
22,3845068387,13.824209,100.7125358,ซอยเจริญพัฒนา 5; ถนนเจริญพัฒนา,medium,1.0,roundabout,Roundabout,0.14006514657980457,0.0,0.0,0.03,1.0
23,5936141680,13.9033267,100.6912209,ซอยหนองระแหง 4,medium,1.0,roundabout,Roundabout,0.14006514657980457,0.0,0.0,0.018333333333333333,1.0
24,3834754705,13.8596453,100.7392992,ซอยวัดสุขใจ; วัดสุขใจ 5/1; วัดสุขใจ 6,medium,1.0,roundabout,Roundabout,0.14006514657980457,0.09090909090909091,0.005,0.055,0.9979374673306525
25,1669530698,13.8330777,100.7640554,ถนนประชาร่วมใจ,medium,1.0,roundabout,Roundabout,0.14006514657980457,0.0625,0.006666666666666667,0.10666666666666667,0.9984195429657544
26,6128822544,13.8408751,100.698682,ถนนสุเหร่าคลองหนึ่ง; สุเหร่าคลองหนึ่ง 2,medium,1.0,roundabout,Roundabout,0.14006514657980457,0.05263157894736842,0.0016666666666666668,0.03166666666666667,0.9988658959330934
27,1669530708,13.8365706,100.7693233,ถนนประชาร่วมใจ,medium,1.0,roundabout,Roundabout,0.14006514657980457,0.06666666666666667,0.006666666666666667,0.1,0.9983365672730228
28,5941658256,13.8956484,100.7134093,ถนนไทยรามัญ,medium,1.0,roundabout,Roundabout,0.14006514657980457,0.20689655172413793,0.03,0.145,0.9943960149439601
29,5941663059,13.8953657,100.7106823,ถนนไทยรามัญ,medium,1.0,roundabout,Roundabout,0.14006514657980457,0.2222222222222222,0.03,0.135,0.9940938392791738
30,4688947276,13.8947865,100.7075883,ถนนไทยรามัญ,medium,1.0,roundabout,Roundabout,0.14006514657980457,0.1232876712328767,0.015,0.12166666666666667,0.9967957419538229
1,350390643,13.841924,100.7131838,ถนนสุเหร่าคลองหนึ่ง; ถนนเจริญพัฒนา,high,2.0,roundabout,Roundabout,0.14936102236421725,0.3629032258064516,0.075,0.20666666666666667,0.9891135149803263
2,5877834594,13.8601908,100.7403845,ซอยวัดสุขใจ,high,2.0,roundabout,Roundabout,0.14936102236421725,0.22077922077922077,0.028333333333333332,0.12833333333333333,0.9942050068163008
3,2722951931,13.8941035,100.7034483,ซอยหนองระแหง 5; ถนนไทยรามัญ,high,2.0,roundabout,Roundabout,0.14936102236421725,0.45098039215686275,0.07666666666666666,0.17,0.9873170270207783
4,3053324433,13.8860863,100.7221994,ถนนหทัยราษฎร์,high,2.0,roundabout,Roundabout,0.14936102236421725,0.32432432432432434,0.06,0.185,0.9906052202067382
5,2739129171,13.8694104,100.7749543,วัดสุขใจ 36,high,2.0,roundabout,Roundabout,0.14936102236421725,0.1935483870967742,0.02,0.10333333333333333,0.9951563399194323
6,3834754707,13.8597869,100.7350807,ซอย วัดสุขใจ; ซอยวัดสุขใจ; วัดสุขใจ 1; วัดสุขใจ 4,high,2.0,roundabout,Roundabout,0.14936102236421725,0.25663716814159293,0.04833333333333333,0.18833333333333332,0.9925086389744228
7,3017429961,13.8311443,100.7610659,ถนนประชาร่วมใจ,high,2.0,roundabout,Roundabout,0.14936102236421725,0.13934426229508196,0.028333333333333332,0.20333333333333334,0.9958143324434148
8,3841546184,13.8414941,100.7029031,ถนนสุเหร่าคลองหนึ่ง; สุเหร่าคลองหนึ่ง 5; สุเหร่าคลองหนึ่ง ซอย 5,high,2.0,roundabout,Roundabout,0.14936102236421725,0.1111111111111111,0.013333333333333334,0.12,0.9971204204554525
9,2722951940,13.9061458,100.6996359,ซอยหนองระแหง 5; ถนนหนองระแหง,high,2.0,roundabout,Roundabout,0.14936102236421725,0.06666666666666667,0.005,0.075,0.9984197792122718
10,3010327836,13.8353969,100.7675243,ซอยประชาร่วมใจ 33; ซอยประชาร่วมใจ 44; ถนนประชาร่วมใจ,high,2.0,roundabout,Roundabout,0.14936102236421725,0.19607843137254902,0.03333333333333333,0.17,0.9944441450665518
11,5817136062,13.8393703,100.773706,ถนนประชาร่วมใจ,high,2.0,roundabout,Roundabout,0.14936102236421725,0.2602739726027397,0.03166666666666667,0.12166666666666667,0.9932622031153844
12,5935920708,13.8958999,100.7151813,ถนนไทยรามัญ,high,2.0,roundabout,Roundabout,0.14936102236421725,0.16541353383458646,0.03666666666666667,0.22166666666666668,0.9948849014962577
13,3010521944,13.8416099,100.7790452,ซอยประชาร่วมใจ 45; ซอยประชาร่วมใจ 60; ถนนประชาร่วมใจ,high,2.0,roundabout,Roundabout,0.14936102236421725,0.19642857142857142,0.018333333333333333,0.09333333333333334,0.99518241325781
14,5870258361,13.8479329,100.7273239,ถนนสามวา,high,2.0,roundabout,Roundabout,0.14936102236421725,0.18421052631578946,0.011666666666666667,0.06333333333333334,0.9957557898799503
15,5933246533,13.9119598,100.7070246,ถนนหนองระแหง,high,2.0,roundabout,Roundabout,0.14936102236421725,0.06666666666666667,0.0033333333333333335,0.05,0.9985030258087217
16,5933392468,13.9087958,100.6955807,ซอยหนองระแหง 4,high,2.0,roundabout,Roundabout,0.14936102236421725,0.1206896551724138,0.011666666666666667,0.09666666666666666,0.9970133947714344
17,8236662649,13.8768935,100.7817271,ถนนแบนชะโด,high,2.0,roundabout,Roundabout,0.14936102236421725,0.0,0.0,0.03,1.0
18,3673190579,13.8953156,100.6961963,ซอยไทยรามัญ; ถนนไทยรามัญ,high,2.0,roundabout,Roundabout,0.14936102236421725,0.0,0.0,0.041666666666666664,1.0
19,8392620342,13.8729128,100.6894381,ถนนพระยาสุเรนทร์,high,2.0,roundabout,Roundabout,0.14936102236421725,0.02702702702702703,0.0016666666666666668,0.06166666666666667,0.999376630018761
20,3012564666,13.8466951,100.7908739,ซอยประชาร่วมใจ 63; ถนนประชาร่วมใจ,high,2.0,roundabout,Roundabout,0.14936102236421725,0.02127659574468085,0.0016666666666666668,0.07833333333333334,0.9994914536910646
21,3843843349,13.824774,100.7511067,ถนนประชาร่วมใจ,high,2.0,roundabout,Roundabout,0.14936102236421725,0.09375,0.005,0.05333333333333334,0.9978809972739
22,3845068387,13.824209,100.7125358,ซอยเจริญพัฒนา 5; ถนนเจริญพัฒนา,high,2.0,roundabout,Roundabout,0.14936102236421725,0.05714285714285714,0.0033333333333333335,0.058333333333333334,0.9986927183382082
23,5936141680,13.9033267,100.6912209,ซอยหนองระแหง 4,high,2.0,roundabout,Roundabout,0.14936102236421725,0.0,0.0,0.025,1.0
24,3834754705,13.8596453,100.7392992,ซอยวัดสุขใจ; วัดสุขใจ 5/1; วัดสุขใจ 6,high,2.0,roundabout,Roundabout,0.14936102236421725,0.10526315789473684,0.013333333333333334,0.12666666666666668,0.9972365404977717
25,1669530698,13.8330777,100.7640554,ถนนประชาร่วมใจ,high,2.0,roundabout,Roundabout,0.14936102236421725,0.11009174311926606,0.02,0.18166666666666667,0.9968087094877067
26,6128822544,13.8408751,100.698682,ถนนสุเหร่าคลองหนึ่ง; สุเหร่าคลองหนึ่ง 2,high,2.0,roundabout,Roundabout,0.14936102236421725,0.02631578947368421,0.0016666666666666668,0.06333333333333334,0.9993908295105771
27,1669530708,13.8365706,100.7693233,ถนนประชาร่วมใจ,high,2.0,roundabout,Roundabout,0.14936102236421725,0.2247191011235955,0.03333333333333333,0.14833333333333334,0.9938792824199046
28,5941658256,13.8956484,100.7134093,ถนนไทยรามัญ,high,2.0,roundabout,Roundabout,0.14936102236421725,0.27906976744186046,0.06,0.215,0.9914923785891527
29,5941663059,13.8953657,100.7106823,ถนนไทยรามัญ,high,2.0,roundabout,Roundabout,0.14936102236421725,0.09734513274336283,0.018333333333333333,0.18833333333333332,0.9971448235204888
30,4688947276,13.8947865,100.7075883,ถนนไทยรามัญ,high,2.0,roundabout,Roundabout,0.14936102236421725,0.23008849557522124,0.043333333333333335,0.18833333333333332,0.993278261485649
1,350390643,13.841924,100.7131838,ถนนสุเหร่าคลองหนึ่ง; ถนนเจริญพัฒนา,low,0.5,flyover,Flyover,0.13651877133105803,2.92,0.12166666666666667,0.041666666666666664,0.9407878709750133
2,5877834594,13.8601908,100.7403845,ซอยวัดสุขใจ,low,0.5,flyover,Flyover,0.13651877133105803,1.6363636363636365,0.03,0.018333333333333333,0.9674711212264354
3,2722951931,13.8941035,100.7034483,ซอยหนองระแหง 5; ถนนไทยรามัญ,low,0.5,flyover,Flyover,0.13651877133105803,7.780487804878049,0.5316666666666666,0.06833333333333333,0.851509667082885
4,3053324433,13.8860863,100.7221994,ถนนหทัยราษฎร์,low,0.5,flyover,Flyover,0.13651877133105803,23.285714285714285,1.0866666666666667,0.04666666666666667,0.6899659519393233
5,2739129171,13.8694104,100.7749543,วัดสุขใจ 36,low,0.5,flyover,Flyover,0.13651877133105803,10.727272727272727,0.19666666666666666,0.018333333333333333,0.8323668883983036
6,3834754707,13.8597869,100.7350807,ซอย วัดสุขใจ; ซอยวัดสุขใจ; วัดสุขใจ 1; วัดสุขใจ 4,low,0.5,flyover,Flyover,0.13651877133105803,15.26086956521739,0.585,0.03833333333333333,0.7704376811642852
7,3017429961,13.8311443,100.7610659,ถนนประชาร่วมใจ,low,0.5,flyover,Flyover,0.13651877133105803,6.5,0.39,0.06,0.8745571211651182
8,3841546184,13.8414941,100.7029031,ถนนสุเหร่าคลองหนึ่ง; สุเหร่าคลองหนึ่ง 5; สุเหร่าคลองหนึ่ง ซอย 5,low,0.5,flyover,Flyover,0.13651877133105803,22.071428571428573,0.515,0.023333333333333334,0.721486411053841
9,2722951940,13.9061458,100.6996359,ซอยหนองระแหง 5; ถนนหนองระแหง,low,0.5,flyover,Flyover,0.13651877133105803,10.833333333333334,0.5416666666666666,0.05,0.8154504728720757
10,3010327836,13.8353969,100.7675243,ซอยประชาร่วมใจ 33; ซอยประชาร่วมใจ 44; ถนนประชาร่วมใจ,low,0.5,flyover,Flyover,0.13651877133105803,4.586206896551724,0.22166666666666668,0.04833333333333333,0.9096541714810968
11,5817136062,13.8393703,100.773706,ถนนประชาร่วมใจ,low,0.5,flyover,Flyover,0.13651877133105803,16.695652173913043,0.64,0.03833333333333333,0.7558452307055659
12,5935920708,13.8958999,100.7151813,ถนนไทยรามัญ,low,0.5,flyover,Flyover,0.13651877133105803,11.24390243902439,0.7683333333333333,0.06833333333333333,0.8013777783722789
13,3010521944,13.8416099,100.7790452,ซอยประชาร่วมใจ 45; ซอยประชาร่วมใจ 60; ถนนประชาร่วมใจ,low,0.5,flyover,Flyover,0.13651877133105803,15.384615384615385,0.3333333333333333,0.021666666666666667,0.7806101694915255
14,5870258361,13.8479329,100.7273239,ถนนสามวา,low,0.5,flyover,Flyover,0.13651877133105803,14.571428571428571,0.17,0.011666666666666667,0.7955230204312211
15,5933246533,13.9119598,100.7070246,ถนนหนองระแหง,low,0.5,flyover,Flyover,0.13651877133105803,4.857142857142857,0.056666666666666664,0.011666666666666667,0.9135800375753712
16,5933392468,13.9087958,100.6955807,ซอยหนองระแหง 4,low,0.5,flyover,Flyover,0.13651877133105803,9.473684210526315,0.3,0.03166666666666667,0.8415421686746987
17,8236662649,13.8768935,100.7817271,ถนนแบนชะโด,low,0.5,flyover,Flyover,0.13651877133105803,24.4,0.20333333333333334,0.008333333333333333,0.7209676841073691
18,3673190579,13.8953156,100.6961963,ซอยไทยรามัญ; ถนนไทยรามัญ,low,0.5,flyover,Flyover,0.13651877133105803,7.375,0.09833333333333333,0.013333333333333334,0.8767483847165658
19,8392620342,13.8729128,100.6894381,ถนนพระยาสุเรนทร์,low,0.5,flyover,Flyover,0.13651877133105803,2.857142857142857,0.03333333333333333,0.011666666666666667,0.9461663359191773
20,3012564666,13.8466951,100.7908739,ซอยประชาร่วมใจ 63; ถนนประชาร่วมใจ,low,0.5,flyover,Flyover,0.13651877133105803,16.333333333333332,0.16333333333333333,0.01,0.780485941993649
21,3843843349,13.824774,100.7511067,ถนนประชาร่วมใจ,low,0.5,flyover,Flyover,0.13651877133105803,18.0,0.24,0.013333333333333334,0.7633495145631068
22,3845068387,13.824209,100.7125358,ซอยเจริญพัฒนา 5; ถนนเจริญพัฒนา,low,0.5,flyover,Flyover,0.13651877133105803,12.5,0.20833333333333334,0.016666666666666666,0.8133771275007464
23,5936141680,13.9033267,100.6912209,ซอยหนองระแหง 4,low,0.5,flyover,Flyover,0.13651877133105803,7.5,0.125,0.016666666666666666,0.8738461538461539
24,3834754705,13.8596453,100.7392992,ซอยวัดสุขใจ; วัดสุขใจ 5/1; วัดสุขใจ 6,low,0.5,flyover,Flyover,0.13651877133105803,14.176470588235293,0.40166666666666667,0.028333333333333332,0.7883335345242248
25,1669530698,13.8330777,100.7640554,ถนนประชาร่วมใจ,low,0.5,flyover,Flyover,0.13651877133105803,10.266666666666667,0.5133333333333333,0.05,0.8229008385755108
26,6128822544,13.8408751,100.698682,ถนนสุเหร่าคลองหนึ่ง; สุเหร่าคลองหนึ่ง 2,low,0.5,flyover,Flyover,0.13651877133105803,26.0,0.30333333333333334,0.011666666666666667,0.7068159660492057
27,1669530708,13.8365706,100.7693233,ถนนประชาร่วมใจ,low,0.5,flyover,Flyover,0.13651877133105803,14.964285714285714,0.6983333333333334,0.04666666666666667,0.7682042807783194
28,5941658256,13.8956484,100.7134093,ถนนไทยรามัญ,low,0.5,flyover,Flyover,0.13651877133105803,10.11111111111111,0.6066666666666667,0.06,0.8205582650825768
29,5941663059,13.8953657,100.7106823,ถนนไทยรามัญ,low,0.5,flyover,Flyover,0.13651877133105803,9.68421052631579,0.6133333333333333,0.06333333333333334,0.825097929720541
30,4688947276,13.8947865,100.7075883,ถนนไทยรามัญ,low,0.5,flyover,Flyover,0.13651877133105803,12.621621621621621,0.7783333333333333,0.06166666666666667,0.7868547526570664
1,350390643,13.841924,100.7131838,ถนนสุเหร่าคลองหนึ่ง; ถนนเจริญพัฒนา,medium,1.0,flyover,Flyover,0.13192182410423453,4.327586206896552,0.41833333333333333,0.09666666666666666,0.9044823662529691
2,5877834594,13.8601908,100.7403845,ซอยวัดสุขใจ,medium,1.0,flyover,Flyover,0.13192182410423453,11.84375,0.6316666666666667,0.05333333333333334,0.800899709734305
3,2722951931,13.8941035,100.7034483,ซอยหนองระแหง 5; ถนนไทยรามัญ,medium,1.0,flyover,Flyover,0.13192182410423453,7.1875,0.7666666666666667,0.10666666666666667,0.8490526248522223
4,3053324433,13.8860863,100.7221994,ถนนหทัยราษฎร์,medium,1.0,flyover,Flyover,0.13192182410423453,16.433962264150942,1.4516666666666667,0.08833333333333333,0.7262119248963069
5,2739129171,13.8694104,100.7749543,วัดสุขใจ 36,medium,1.0,flyover,Flyover,0.13192182410423453,17.783783783783782,1.0966666666666667,0.06166666666666667,0.7284740403475989
6,3834754707,13.8597869,100.7350807,ซอย วัดสุขใจ; ซอยวัดสุขใจ; วัดสุขใจ 1; วัดสุขใจ 4,medium,1.0,flyover,Flyover,0.13192182410423453,8.25531914893617,0.6466666666666666,0.07833333333333334,0.840607614217116
7,3017429961,13.8311443,100.7610659,ถนนประชาร่วมใจ,medium,1.0,flyover,Flyover,0.13192182410423453,5.861538461538461,0.635,0.10833333333333334,0.8725153311140572
8,3841546184,13.8414941,100.7029031,ถนนสุเหร่าคลองหนึ่ง; สุเหร่าคลองหนึ่ง 5; สุเหร่าคลองหนึ่ง ซอย 5,medium,1.0,flyover,Flyover,0.13192182410423453,18.372093023255815,1.3166666666666667,0.07166666666666667,0.7155858676207514
9,2722951940,13.9061458,100.6996359,ซอยหนองระแหง 5; ถนนหนองระแหง,medium,1.0,flyover,Flyover,0.13192182410423453,12.591836734693878,1.0283333333333333,0.08166666666666667,0.7770559222819711
10,3010327836,13.8353969,100.7675243,ซอยประชาร่วมใจ 33; ซอยประชาร่วมใจ 44; ถนนประชาร่วมใจ,medium,1.0,flyover,Flyover,0.13192182410423453,5.28125,0.5633333333333334,0.10666666666666667,0.88387226455928
11,5817136062,13.8393703,100.773706,ถนนประชาร่วมใจ,medium,1.0,flyover,Flyover,0.13192182410423453,13.628571428571428,0.795,0.058333333333333334,0.7764167665366217
12,5935920708,13.8958999,100.7151813,ถนนไทยรามัญ,medium,1.0,flyover,Flyover,0.13192182410423453,10.088888888888889,1.5133333333333334,0.15,0.7853722243026087
13,3010521944,13.8416099,100.7790452,ซอยประชาร่วมใจ 45; ซอยประชาร่วมใจ 60; ถนนประชาร่วมใจ,medium,1.0,flyover,Flyover,0.13192182410423453,17.761904761904763,0.6216666666666667,0.035,0.7480273272585106
14,5870258361,13.8479329,100.7273239,ถนนสามวา,medium,1.0,flyover,Flyover,0.13192182410423453,10.2,0.255,0.025,0.8354050462406322
15,5933246533,13.9119598,100.7070246,ถนนหนองระแหง,medium,1.0,flyover,Flyover,0.13192182410423453,11.583333333333334,0.23166666666666666,0.02,0.8216083919205084
16,5933392468,13.9087958,100.6955807,ซอยหนองระแหง 4,medium,1.0,flyover,Flyover,0.13192182410423453,4.34375,0.23166666666666666,0.05333333333333334,0.9128554903028965
17,8236662649,13.8768935,100.7817271,ถนนแบนชะโด,medium,1.0,flyover,Flyover,0.13192182410423453,7.642857142857143,0.17833333333333334,0.023333333333333334,0.8694561345775254
18,3673190579,13.8953156,100.6961963,ซอยไทยรามัญ; ถนนไทยรามัญ,medium,1.0,flyover,Flyover,0.13192182410423453,17.083333333333332,0.3416666666666667,0.02,0.7659172685721358
19,8392620342,13.8729128,100.6894381,ถนนพระยาสุเรนทร์,medium,1.0,flyover,Flyover,0.13192182410423453,2.7857142857142856,0.065,0.023333333333333334,0.9457958012715317
20,3012564666,13.8466951,100.7908739,ซอยประชาร่วมใจ 63; ถนนประชาร่วมใจ,medium,1.0,flyover,Flyover,0.13192182410423453,13.823529411764707,0.39166666666666666,0.028333333333333332,0.7920689402371319
21,3843843349,13.824774,100.7511067,ถนนประชาร่วมใจ,medium,1.0,flyover,Flyover,0.13192182410423453,11.454545454545455,0.21,0.018333333333333333,0.8239791012244375
22,3845068387,13.824209,100.7125358,ซอยเจริญพัฒนา 5; ถนนเจริญพัฒนา,medium,1.0,flyover,Flyover,0.13192182410423453,14.631578947368421,0.4633333333333333,0.03166666666666667,0.7814035016014328
23,5936141680,13.9033267,100.6912209,ซอยหนองระแหง 4,medium,1.0,flyover,Flyover,0.13192182410423453,10.0,0.23333333333333334,0.023333333333333334,0.8386639676113361
24,3834754705,13.8596453,100.7392992,ซอยวัดสุขใจ; วัดสุขใจ 5/1; วัดสุขใจ 6,medium,1.0,flyover,Flyover,0.13192182410423453,11.636363636363637,0.64,0.055,0.8026847808507197
25,1669530698,13.8330777,100.7640554,ถนนประชาร่วมใจ,medium,1.0,flyover,Flyover,0.13192182410423453,12.380952380952381,1.3,0.105,0.7688051226289718
26,6128822544,13.8408751,100.698682,ถนนสุเหร่าคลองหนึ่ง; สุเหร่าคลองหนึ่ง 2,medium,1.0,flyover,Flyover,0.13192182410423453,18.705882352941178,0.53,0.028333333333333332,0.7447117590091239
27,1669530708,13.8365706,100.7693233,ถนนประชาร่วมใจ,medium,1.0,flyover,Flyover,0.13192182410423453,12.864406779661017,1.265,0.09833333333333333,0.7653146863891007
28,5941658256,13.8956484,100.7134093,ถนนไทยรามัญ,medium,1.0,flyover,Flyover,0.13192182410423453,9.606741573033707,1.425,0.14833333333333334,0.793990631525481
29,5941663059,13.8953657,100.7106823,ถนนไทยรามัญ,medium,1.0,flyover,Flyover,0.13192182410423453,11.78048780487805,1.61,0.13666666666666666,0.7638095897625613
30,4688947276,13.8947865,100.7075883,ถนนไทยรามัญ,medium,1.0,flyover,Flyover,0.13192182410423453,8.112676056338028,0.96,0.11833333333333333,0.8294266708900855
1,350390643,13.841924,100.7131838,ถนนสุเหร่าคลองหนึ่ง; ถนนเจริญพัฒนา,high,2.0,flyover,Flyover,0.13977635782747605,4.073770491803279,0.8283333333333334,0.20333333333333334,0.8907348983945188
2,5877834594,13.8601908,100.7403845,ซอยวัดสุขใจ,high,2.0,flyover,Flyover,0.13977635782747605,7.5064935064935066,0.9633333333333334,0.12833333333333333,0.8369269384143257
3,2722951931,13.8941035,100.7034483,ซอยหนองระแหง 5; ถนนไทยรามัญ,high,2.0,flyover,Flyover,0.13977635782747605,7.366412213740458,1.6083333333333334,0.21833333333333332,0.8147602692093371
4,3053324433,13.8860863,100.7221994,ถนนหทัยราษฎร์,high,2.0,flyover,Flyover,0.13977635782747605,22.227272727272727,3.26,0.14666666666666667,0.6288393490671478
5,2739129171,13.8694104,100.7749543,วัดสุขใจ 36,high,2.0,flyover,Flyover,0.13977635782747605,13.084745762711865,1.2866666666666666,0.09833333333333333,0.7623613176594448
6,3834754707,13.8597869,100.7350807,ซอย วัดสุขใจ; ซอยวัดสุขใจ; วัดสุขใจ 1; วัดสุขใจ 4,high,2.0,flyover,Flyover,0.13977635782747605,12.121739130434783,2.3233333333333333,0.19166666666666668,0.737310180305546
7,3017429961,13.8311443,100.7610659,ถนนประชาร่วมใจ,high,2.0,flyover,Flyover,0.13977635782747605,8.140495867768594,1.6416666666666666,0.20166666666666666,0.8038321545522052
8,3841546184,13.8414941,100.7029031,ถนนสุเหร่าคลองหนึ่ง; สุเหร่าคลองหนึ่ง 5; สุเหร่าคลองหนึ่ง ซอย 5,high,2.0,flyover,Flyover,0.13977635782747605,17.457142857142856,2.0366666666666666,0.11666666666666667,0.6981205377593016
9,2722951940,13.9061458,100.6996359,ซอยหนองระแหง 5; ถนนหนองระแหง,high,2.0,flyover,Flyover,0.13977635782747605,13.650485436893204,2.3433333333333333,0.17166666666666666,0.7217445693124436
10,3010327836,13.8353969,100.7675243,ซอยประชาร่วมใจ 33; ซอยประชาร่วมใจ 44; ถนนประชาร่วมใจ,high,2.0,flyover,Flyover,0.13977635782747605,5.8,0.9666666666666667,0.16666666666666666,0.8596706195094599
11,5817136062,13.8393703,100.773706,ถนนประชาร่วมใจ,high,2.0,flyover,Flyover,0.13977635782747605,15.774647887323944,1.8666666666666667,0.11833333333333333,0.7175550935550936
12,5935920708,13.8958999,100.7151813,ถนนไทยรามัญ,high,2.0,flyover,Flyover,0.13977635782747605,11.652173913043478,2.68,0.23,0.7317757813171948
13,3010521944,13.8416099,100.7790452,ซอยประชาร่วมใจ 45; ซอยประชาร่วมใจ 60; ถนนประชาร่วมใจ,high,2.0,flyover,Flyover,0.13977635782747605,13.884615384615385,1.2033333333333334,0.08666666666666667,0.7578666292522525
14,5870258361,13.8479329,100.7273239,ถนนสามวา,high,2.0,flyover,Flyover,0.13977635782747605,9.944444444444445,0.5966666666666667,0.06,0.8228631705424307
15,5933246533,13.9119598,100.7070246,ถนนหนองระแหง,high,2.0,flyover,Flyover,0.13977635782747605,6.96875,0.37166666666666665,0.05333333333333334,0.8691394059010714
16,5933392468,13.9087958,100.6955807,ซอยหนองระแหง 4,high,2.0,flyover,Flyover,0.13977635782747605,8.03448275862069,0.7766666666666666,0.09666666666666666,0.837857874064415
17,8236662649,13.8768935,100.7817271,ถนนแบนชะโด,high,2.0,flyover,Flyover,0.13977635782747605,5.0,0.175,0.035,0.9057230231542157
18,3673190579,13.8953156,100.6961963,ซอยไทยรามัญ; ถนนไทยรามัญ,high,2.0,flyover,Flyover,0.13977635782747605,8.4,0.35,0.041666666666666664,0.8519835329341318
19,8392620342,13.8729128,100.6894381,ถนนพระยาสุเรนทร์,high,2.0,flyover,Flyover,0.13977635782747605,8.783783783783784,0.5416666666666666,0.06166666666666667,0.8387456445993032
20,3012564666,13.8466951,100.7908739,ซอยประชาร่วมใจ 63; ถนนประชาร่วมใจ,high,2.0,flyover,Flyover,0.13977635782747605,8.466666666666667,0.635,0.075,0.8385224375024463
21,3843843349,13.824774,100.7511067,ถนนประชาร่วมใจ,high,2.0,flyover,Flyover,0.13977635782747605,9.21875,0.49166666666666664,0.05333333333333334,0.8358041826804655
22,3845068387,13.824209,100.7125358,ซอยเจริญพัฒนา 5; ถนนเจริญพัฒนา,high,2.0,flyover,Flyover,0.13977635782747605,9.222222222222221,0.5533333333333333,0.06,0.8330466616177117
23,5936141680,13.9033267,100.6912209,ซอยหนองระแหง 4,high,2.0,flyover,Flyover,0.13977635782747605,11.461538461538462,0.49666666666666665,0.043333333333333335,0.8107555729592384
24,3834754705,13.8596453,100.7392992,ซอยวัดสุขใจ; วัดสุขใจ 5/1; วัดสุขใจ 6,high,2.0,flyover,Flyover,0.13977635782747605,11.073170731707316,1.5133333333333334,0.13666666666666666,0.7746122872927441
25,1669530698,13.8330777,100.7640554,ถนนประชาร่วมใจ,high,2.0,flyover,Flyover,0.13977635782747605,15.37864077669903,2.64,0.17166666666666666,0.6974142673757564
26,6128822544,13.8408751,100.698682,ถนนสุเหร่าคลองหนึ่ง; สุเหร่าคลองหนึ่ง 2,high,2.0,flyover,Flyover,0.13977635782747605,20.83783783783784,1.285,0.06166666666666667,0.6987088811763584
27,1669530708,13.8365706,100.7693233,ถนนประชาร่วมใจ,high,2.0,flyover,Flyover,0.13977635782747605,17.265060240963855,2.388333333333333,0.13833333333333334,0.6888688596735351
28,5941658256,13.8956484,100.7134093,ถนนไทยรามัญ,high,2.0,flyover,Flyover,0.13977635782747605,14.440944881889763,3.0566666666666666,0.21166666666666667,0.6944500412047381
29,5941663059,13.8953657,100.7106823,ถนนไทยรามัญ,high,2.0,flyover,Flyover,0.13977635782747605,16.043478260869566,3.075,0.19166666666666668,0.6798738961113704
30,4688947276,13.8947865,100.7075883,ถนนไทยรามัญ,high,2.0,flyover,Flyover,0.13977635782747605,12.64102564102564,2.465,0.195,0.727909858449219
1,350390643,13.841924,100.7131838,ถนนสุเหร่าคลองหนึ่ง; ถนนเจริญพัฒนา,low,0.5,underpass,Underpass,0.13651877133105803,2.92,0.12166666666666667,0.041666666666666664,0.9407878709750133
2,5877834594,13.8601908,100.7403845,ซอยวัดสุขใจ,low,0.5,underpass,Underpass,0.13651877133105803,1.6363636363636365,0.03,0.018333333333333333,0.9674711212264354
3,2722951931,13.8941035,100.7034483,ซอยหนองระแหง 5; ถนนไทยรามัญ,low,0.5,underpass,Underpass,0.13651877133105803,7.780487804878049,0.5316666666666666,0.06833333333333333,0.851509667082885
4,3053324433,13.8860863,100.7221994,ถนนหทัยราษฎร์,low,0.5,underpass,Underpass,0.13651877133105803,23.285714285714285,1.0866666666666667,0.04666666666666667,0.6899659519393233
5,2739129171,13.8694104,100.7749543,วัดสุขใจ 36,low,0.5,underpass,Underpass,0.13651877133105803,10.727272727272727,0.19666666666666666,0.018333333333333333,0.8323668883983036
6,3834754707,13.8597869,100.7350807,ซอย วัดสุขใจ; ซอยวัดสุขใจ; วัดสุขใจ 1; วัดสุขใจ 4,low,0.5,underpass,Underpass,0.13651877133105803,15.26086956521739,0.585,0.03833333333333333,0.7704376811642852
7,3017429961,13.8311443,100.7610659,ถนนประชาร่วมใจ,low,0.5,underpass,Underpass,0.13651877133105803,6.5,0.39,0.06,0.8745571211651182
8,3841546184,13.8414941,100.7029031,ถนนสุเหร่าคลองหนึ่ง; สุเหร่าคลองหนึ่ง 5; สุเหร่าคลองหนึ่ง ซอย 5,low,0.5,underpass,Underpass,0.13651877133105803,22.071428571428573,0.515,0.023333333333333334,0.721486411053841
9,2722951940,13.9061458,100.6996359,ซอยหนองระแหง 5; ถนนหนองระแหง,low,0.5,underpass,Underpass,0.13651877133105803,10.833333333333334,0.5416666666666666,0.05,0.8154504728720757
10,3010327836,13.8353969,100.7675243,ซอยประชาร่วมใจ 33; ซอยประชาร่วมใจ 44; ถนนประชาร่วมใจ,low,0.5,underpass,Underpass,0.13651877133105803,4.586206896551724,0.22166666666666668,0.04833333333333333,0.9096541714810968
11,5817136062,13.8393703,100.773706,ถนนประชาร่วมใจ,low,0.5,underpass,Underpass,0.13651877133105803,16.695652173913043,0.64,0.03833333333333333,0.7558452307055659
12,5935920708,13.8958999,100.7151813,ถนนไทยรามัญ,low,0.5,underpass,Underpass,0.13651877133105803,11.24390243902439,0.7683333333333333,0.06833333333333333,0.8013777783722789
13,3010521944,13.8416099,100.7790452,ซอยประชาร่วมใจ 45; ซอยประชาร่วมใจ 60; ถนนประชาร่วมใจ,low,0.5,underpass,Underpass,0.13651877133105803,15.384615384615385,0.3333333333333333,0.021666666666666667,0.7806101694915255
14,5870258361,13.8479329,100.7273239,ถนนสามวา,low,0.5,underpass,Underpass,0.13651877133105803,14.571428571428571,0.17,0.011666666666666667,0.7955230204312211
15,5933246533,13.9119598,100.7070246,ถนนหนองระแหง,low,0.5,underpass,Underpass,0.13651877133105803,4.857142857142857,0.056666666666666664,0.011666666666666667,0.9135800375753712
16,5933392468,13.9087958,100.6955807,ซอยหนองระแหง 4,low,0.5,underpass,Underpass,0.13651877133105803,9.473684210526315,0.3,0.03166666666666667,0.8415421686746987
17,8236662649,13.8768935,100.7817271,ถนนแบนชะโด,low,0.5,underpass,Underpass,0.13651877133105803,24.4,0.20333333333333334,0.008333333333333333,0.7209676841073691
18,3673190579,13.8953156,100.6961963,ซอยไทยรามัญ; ถนนไทยรามัญ,low,0.5,underpass,Underpass,0.13651877133105803,7.375,0.09833333333333333,0.013333333333333334,0.8767483847165658
19,8392620342,13.8729128,100.6894381,ถนนพระยาสุเรนทร์,low,0.5,underpass,Underpass,0.13651877133105803,2.857142857142857,0.03333333333333333,0.011666666666666667,0.9461663359191773
20,3012564666,13.8466951,100.7908739,ซอยประชาร่วมใจ 63; ถนนประชาร่วมใจ,low,0.5,underpass,Underpass,0.13651877133105803,16.333333333333332,0.16333333333333333,0.01,0.780485941993649
21,3843843349,13.824774,100.7511067,ถนนประชาร่วมใจ,low,0.5,underpass,Underpass,0.13651877133105803,18.0,0.24,0.013333333333333334,0.7633495145631068
22,3845068387,13.824209,100.7125358,ซอยเจริญพัฒนา 5; ถนนเจริญพัฒนา,low,0.5,underpass,Underpass,0.13651877133105803,12.5,0.20833333333333334,0.016666666666666666,0.8133771275007464
23,5936141680,13.9033267,100.6912209,ซอยหนองระแหง 4,low,0.5,underpass,Underpass,0.13651877133105803,7.5,0.125,0.016666666666666666,0.8738461538461539
24,3834754705,13.8596453,100.7392992,ซอยวัดสุขใจ; วัดสุขใจ 5/1; วัดสุขใจ 6,low,0.5,underpass,Underpass,0.13651877133105803,14.176470588235293,0.40166666666666667,0.028333333333333332,0.7883335345242248
25,1669530698,13.8330777,100.7640554,ถนนประชาร่วมใจ,low,0.5,underpass,Underpass,0.13651877133105803,10.266666666666667,0.5133333333333333,0.05,0.8229008385755108
26,6128822544,13.8408751,100.698682,ถนนสุเหร่าคลองหนึ่ง; สุเหร่าคลองหนึ่ง 2,low,0.5,underpass,Underpass,0.13651877133105803,26.0,0.30333333333333334,0.011666666666666667,0.7068159660492057
27,1669530708,13.8365706,100.7693233,ถนนประชาร่วมใจ,low,0.5,underpass,Underpass,0.13651877133105803,14.964285714285714,0.6983333333333334,0.04666666666666667,0.7682042807783194
28,5941658256,13.8956484,100.7134093,ถนนไทยรามัญ,low,0.5,underpass,Underpass,0.13651877133105803,10.11111111111111,0.6066666666666667,0.06,0.8205582650825768
29,5941663059,13.8953657,100.7106823,ถนนไทยรามัญ,low,0.5,underpass,Underpass,0.13651877133105803,9.68421052631579,0.6133333333333333,0.06333333333333334,0.825097929720541
30,4688947276,13.8947865,100.7075883,ถนนไทยรามัญ,low,0.5,underpass,Underpass,0.13651877133105803,12.621621621621621,0.7783333333333333,0.06166666666666667,0.7868547526570664
1,350390643,13.841924,100.7131838,ถนนสุเหร่าคลองหนึ่ง; ถนนเจริญพัฒนา,medium,1.0,underpass,Underpass,0.13192182410423453,4.327586206896552,0.41833333333333333,0.09666666666666666,0.9044823662529691
2,5877834594,13.8601908,100.7403845,ซอยวัดสุขใจ,medium,1.0,underpass,Underpass,0.13192182410423453,11.84375,0.6316666666666667,0.05333333333333334,0.800899709734305
3,2722951931,13.8941035,100.7034483,ซอยหนองระแหง 5; ถนนไทยรามัญ,medium,1.0,underpass,Underpass,0.13192182410423453,7.1875,0.7666666666666667,0.10666666666666667,0.8490526248522223
4,3053324433,13.8860863,100.7221994,ถนนหทัยราษฎร์,medium,1.0,underpass,Underpass,0.13192182410423453,16.433962264150942,1.4516666666666667,0.08833333333333333,0.7262119248963069
5,2739129171,13.8694104,100.7749543,วัดสุขใจ 36,medium,1.0,underpass,Underpass,0.13192182410423453,17.783783783783782,1.0966666666666667,0.06166666666666667,0.7284740403475989
6,3834754707,13.8597869,100.7350807,ซอย วัดสุขใจ; ซอยวัดสุขใจ; วัดสุขใจ 1; วัดสุขใจ 4,medium,1.0,underpass,Underpass,0.13192182410423453,8.25531914893617,0.6466666666666666,0.07833333333333334,0.840607614217116
7,3017429961,13.8311443,100.7610659,ถนนประชาร่วมใจ,medium,1.0,underpass,Underpass,0.13192182410423453,5.861538461538461,0.635,0.10833333333333334,0.8725153311140572
8,3841546184,13.8414941,100.7029031,ถนนสุเหร่าคลองหนึ่ง; สุเหร่าคลองหนึ่ง 5; สุเหร่าคลองหนึ่ง ซอย 5,medium,1.0,underpass,Underpass,0.13192182410423453,18.372093023255815,1.3166666666666667,0.07166666666666667,0.7155858676207514
9,2722951940,13.9061458,100.6996359,ซอยหนองระแหง 5; ถนนหนองระแหง,medium,1.0,underpass,Underpass,0.13192182410423453,12.591836734693878,1.0283333333333333,0.08166666666666667,0.7770559222819711
10,3010327836,13.8353969,100.7675243,ซอยประชาร่วมใจ 33; ซอยประชาร่วมใจ 44; ถนนประชาร่วมใจ,medium,1.0,underpass,Underpass,0.13192182410423453,5.28125,0.5633333333333334,0.10666666666666667,0.88387226455928
11,5817136062,13.8393703,100.773706,ถนนประชาร่วมใจ,medium,1.0,underpass,Underpass,0.13192182410423453,13.628571428571428,0.795,0.058333333333333334,0.7764167665366217
12,5935920708,13.8958999,100.7151813,ถนนไทยรามัญ,medium,1.0,underpass,Underpass,0.13192182410423453,10.088888888888889,1.5133333333333334,0.15,0.7853722243026087
13,3010521944,13.8416099,100.7790452,ซอยประชาร่วมใจ 45; ซอยประชาร่วมใจ 60; ถนนประชาร่วมใจ,medium,1.0,underpass,Underpass,0.13192182410423453,17.761904761904763,0.6216666666666667,0.035,0.7480273272585106
14,5870258361,13.8479329,100.7273239,ถนนสามวา,medium,1.0,underpass,Underpass,0.13192182410423453,10.2,0.255,0.025,0.8354050462406322
15,5933246533,13.9119598,100.7070246,ถนนหนองระแหง,medium,1.0,underpass,Underpass,0.13192182410423453,11.583333333333334,0.23166666666666666,0.02,0.8216083919205084
16,5933392468,13.9087958,100.6955807,ซอยหนองระแหง 4,medium,1.0,underpass,Underpass,0.13192182410423453,4.34375,0.23166666666666666,0.05333333333333334,0.9128554903028965
17,8236662649,13.8768935,100.7817271,ถนนแบนชะโด,medium,1.0,underpass,Underpass,0.13192182410423453,7.642857142857143,0.17833333333333334,0.023333333333333334,0.8694561345775254
18,3673190579,13.8953156,100.6961963,ซอยไทยรามัญ; ถนนไทยรามัญ,medium,1.0,underpass,Underpass,0.13192182410423453,17.083333333333332,0.3416666666666667,0.02,0.7659172685721358
19,8392620342,13.8729128,100.6894381,ถนนพระยาสุเรนทร์,medium,1.0,underpass,Underpass,0.13192182410423453,2.7857142857142856,0.065,0.023333333333333334,0.9457958012715317
20,3012564666,13.8466951,100.7908739,ซอยประชาร่วมใจ 63; ถนนประชาร่วมใจ,medium,1.0,underpass,Underpass,0.13192182410423453,13.823529411764707,0.39166666666666666,0.028333333333333332,0.7920689402371319
21,3843843349,13.824774,100.7511067,ถนนประชาร่วมใจ,medium,1.0,underpass,Underpass,0.13192182410423453,11.454545454545455,0.21,0.018333333333333333,0.8239791012244375
22,3845068387,13.824209,100.7125358,ซอยเจริญพัฒนา 5; ถนนเจริญพัฒนา,medium,1.0,underpass,Underpass,0.13192182410423453,14.631578947368421,0.4633333333333333,0.03166666666666667,0.7814035016014328
23,5936141680,13.9033267,100.6912209,ซอยหนองระแหง 4,medium,1.0,underpass,Underpass,0.13192182410423453,10.0,0.23333333333333334,0.023333333333333334,0.8386639676113361
24,3834754705,13.8596453,100.7392992,ซอยวัดสุขใจ; วัดสุขใจ 5/1; วัดสุขใจ 6,medium,1.0,underpass,Underpass,0.13192182410423453,11.636363636363637,0.64,0.055,0.8026847808507197
25,1669530698,13.8330777,100.7640554,ถนนประชาร่วมใจ,medium,1.0,underpass,Underpass,0.13192182410423453,12.380952380952381,1.3,0.105,0.7688051226289718
26,6128822544,13.8408751,100.698682,ถนนสุเหร่าคลองหนึ่ง; สุเหร่าคลองหนึ่ง 2,medium,1.0,underpass,Underpass,0.13192182410423453,18.705882352941178,0.53,0.028333333333333332,0.7447117590091239
27,1669530708,13.8365706,100.7693233,ถนนประชาร่วมใจ,medium,1.0,underpass,Underpass,0.13192182410423453,12.864406779661017,1.265,0.09833333333333333,0.7653146863891007
28,5941658256,13.8956484,100.7134093,ถนนไทยรามัญ,medium,1.0,underpass,Underpass,0.13192182410423453,9.606741573033707,1.425,0.14833333333333334,0.793990631525481
29,5941663059,13.8953657,100.7106823,ถนนไทยรามัญ,medium,1.0,underpass,Underpass,0.13192182410423453,11.78048780487805,1.61,0.13666666666666666,0.7638095897625613
30,4688947276,13.8947865,100.7075883,ถนนไทยรามัญ,medium,1.0,underpass,Underpass,0.13192182410423453,8.112676056338028,0.96,0.11833333333333333,0.8294266708900855
1,350390643,13.841924,100.7131838,ถนนสุเหร่าคลองหนึ่ง; ถนนเจริญพัฒนา,high,2.0,underpass,Underpass,0.13977635782747605,4.073770491803279,0.8283333333333334,0.20333333333333334,0.8907348983945188
2,5877834594,13.8601908,100.7403845,ซอยวัดสุขใจ,high,2.0,underpass,Underpass,0.13977635782747605,7.5064935064935066,0.9633333333333334,0.12833333333333333,0.8369269384143257
3,2722951931,13.8941035,100.7034483,ซอยหนองระแหง 5; ถนนไทยรามัญ,high,2.0,underpass,Underpass,0.13977635782747605,7.366412213740458,1.6083333333333334,0.21833333333333332,0.8147602692093371
4,3053324433,13.8860863,100.7221994,ถนนหทัยราษฎร์,high,2.0,underpass,Underpass,0.13977635782747605,22.227272727272727,3.26,0.14666666666666667,0.6288393490671478
5,2739129171,13.8694104,100.7749543,วัดสุขใจ 36,high,2.0,underpass,Underpass,0.13977635782747605,13.084745762711865,1.2866666666666666,0.09833333333333333,0.7623613176594448
6,3834754707,13.8597869,100.7350807,ซอย วัดสุขใจ; ซอยวัดสุขใจ; วัดสุขใจ 1; วัดสุขใจ 4,high,2.0,underpass,Underpass,0.13977635782747605,12.121739130434783,2.3233333333333333,0.19166666666666668,0.737310180305546
7,3017429961,13.8311443,100.7610659,ถนนประชาร่วมใจ,high,2.0,underpass,Underpass,0.13977635782747605,8.140495867768594,1.6416666666666666,0.20166666666666666,0.8038321545522052
8,3841546184,13.8414941,100.7029031,ถนนสุเหร่าคลองหนึ่ง; สุเหร่าคลองหนึ่ง 5; สุเหร่าคลองหนึ่ง ซอย 5,high,2.0,underpass,Underpass,0.13977635782747605,17.457142857142856,2.0366666666666666,0.11666666666666667,0.6981205377593016
9,2722951940,13.9061458,100.6996359,ซอยหนองระแหง 5; ถนนหนองระแหง,high,2.0,underpass,Underpass,0.13977635782747605,13.650485436893204,2.3433333333333333,0.17166666666666666,0.7217445693124436
10,3010327836,13.8353969,100.7675243,ซอยประชาร่วมใจ 33; ซอยประชาร่วมใจ 44; ถนนประชาร่วมใจ,high,2.0,underpass,Underpass,0.13977635782747605,5.8,0.9666666666666667,0.16666666666666666,0.8596706195094599
11,5817136062,13.8393703,100.773706,ถนนประชาร่วมใจ,high,2.0,underpass,Underpass,0.13977635782747605,15.774647887323944,1.8666666666666667,0.11833333333333333,0.7175550935550936
12,5935920708,13.8958999,100.7151813,ถนนไทยรามัญ,high,2.0,underpass,Underpass,0.13977635782747605,11.652173913043478,2.68,0.23,0.7317757813171948
13,3010521944,13.8416099,100.7790452,ซอยประชาร่วมใจ 45; ซอยประชาร่วมใจ 60; ถนนประชาร่วมใจ,high,2.0,underpass,Underpass,0.13977635782747605,13.884615384615385,1.2033333333333334,0.08666666666666667,0.7578666292522525
14,5870258361,13.8479329,100.7273239,ถนนสามวา,high,2.0,underpass,Underpass,0.13977635782747605,9.944444444444445,0.5966666666666667,0.06,0.8228631705424307
15,5933246533,13.9119598,100.7070246,ถนนหนองระแหง,high,2.0,underpass,Underpass,0.13977635782747605,6.96875,0.37166666666666665,0.05333333333333334,0.8691394059010714
16,5933392468,13.9087958,100.6955807,ซอยหนองระแหง 4,high,2.0,underpass,Underpass,0.13977635782747605,8.03448275862069,0.7766666666666666,0.09666666666666666,0.837857874064415
17,8236662649,13.8768935,100.7817271,ถนนแบนชะโด,high,2.0,underpass,Underpass,0.13977635782747605,5.0,0.175,0.035,0.9057230231542157
18,3673190579,13.8953156,100.6961963,ซอยไทยรามัญ; ถนนไทยรามัญ,high,2.0,underpass,Underpass,0.13977635782747605,8.4,0.35,0.041666666666666664,0.8519835329341318
19,8392620342,13.8729128,100.6894381,ถนนพระยาสุเรนทร์,high,2.0,underpass,Underpass,0.13977635782747605,8.783783783783784,0.5416666666666666,0.06166666666666667,0.8387456445993032
20,3012564666,13.8466951,100.7908739,ซอยประชาร่วมใจ 63; ถนนประชาร่วมใจ,high,2.0,underpass,Underpass,0.13977635782747605,8.466666666666667,0.635,0.075,0.8385224375024463
21,3843843349,13.824774,100.7511067,ถนนประชาร่วมใจ,high,2.0,underpass,Underpass,0.13977635782747605,9.21875,0.49166666666666664,0.05333333333333334,0.8358041826804655
22,3845068387,13.824209,100.7125358,ซอยเจริญพัฒนา 5; ถนนเจริญพัฒนา,high,2.0,underpass,Underpass,0.13977635782747605,9.222222222222221,0.5533333333333333,0.06,0.8330466616177117
23,5936141680,13.9033267,100.6912209,ซอยหนองระแหง 4,high,2.0,underpass,Underpass,0.13977635782747605,11.461538461538462,0.49666666666666665,0.043333333333333335,0.8107555729592384
24,3834754705,13.8596453,100.7392992,ซอยวัดสุขใจ; วัดสุขใจ 5/1; วัดสุขใจ 6,high,2.0,underpass,Underpass,0.13977635782747605,11.073170731707316,1.5133333333333334,0.13666666666666666,0.7746122872927441
25,1669530698,13.8330777,100.7640554,ถนนประชาร่วมใจ,high,2.0,underpass,Underpass,0.13977635782747605,15.37864077669903,2.64,0.17166666666666666,0.6974142673757564
26,6128822544,13.8408751,100.698682,ถนนสุเหร่าคลองหนึ่ง; สุเหร่าคลองหนึ่ง 2,high,2.0,underpass,Underpass,0.13977635782747605,20.83783783783784,1.285,0.06166666666666667,0.6987088811763584
27,1669530708,13.8365706,100.7693233,ถนนประชาร่วมใจ,high,2.0,underpass,Underpass,0.13977635782747605,17.265060240963855,2.388333333333333,0.13833333333333334,0.6888688596735351
28,5941658256,13.8956484,100.7134093,ถนนไทยรามัญ,high,2.0,underpass,Underpass,0.13977635782747605,14.440944881889763,3.0566666666666666,0.21166666666666667,0.6944500412047381
29,5941663059,13.8953657,100.7106823,ถนนไทยรามัญ,high,2.0,underpass,Underpass,0.13977635782747605,16.043478260869566,3.075,0.19166666666666668,0.6798738961113704
30,4688947276,13.8947865,100.7075883,ถนนไทยรามัญ,high,2.0,underpass,Underpass,0.13977635782747605,12.64102564102564,2.465,0.195,0.727909858449219
