importance_rank,osm_node_id,latitude,longitude,street_names,betweenness_centrality,demand_level,total_demand_rate,design,design_name,completion_rate,completion_rate_std,avg_waiting_time_s,avg_waiting_time_s_std,avg_queue_length,avg_queue_length_std,throughput_veh_s,throughput_veh_s_std,traffic_efficiency,traffic_efficiency_std,avg_path_time_s,graph_efficiency,completion_rate_change_pct,avg_waiting_time_s_change_pct,avg_queue_length_change_pct,throughput_veh_s_change_pct,traffic_efficiency_change_pct,avg_path_time_s_change_pct,graph_efficiency_change_pct
1,350390643,13.841924,100.7131838,ถนนสุเหร่าคลองหนึ่ง; ถนนเจริญพัฒนา,0.1701371889024888,low,0.5,four_way,Existing Signalized Four-Way,0.9380183705883766,0.012728631468770532,10.192985621343901,0.6631380051316684,5.641666666666667,0.40301778289963014,0.46266666666666667,0.009921917377424823,0.8738232446175387,0.008733066209737997,16.0,0.06483638910109499,0.0,0.0,0.0,0.0,0.0,0.0,0.0
1,350390643,13.841924,100.7131838,ถนนสุเหร่าคลองหนึ่ง; ถนนเจริญพัฒนา,0.1701371889024888,low,0.5,roundabout,Roundabout,0.9535450255088199,0.013951928797992445,1.277687366091264,0.12638829823862546,2.574,0.07760727342774584,0.4703333333333333,0.010821788720498627,0.9475322433282811,0.008398974810317431,21.0,0.048957820825669796,1.6552612834974854,-87.46503317520812,-54.37518463810931,1.657060518731986,8.435229797875648,31.25,-24.490210660354354
1,350390643,13.841924,100.7131838,ถนนสุเหร่าคลองหนึ่ง; ถนนเจริญพัฒนา,0.1701371889024888,low,0.5,flyover,Flyover,0.9515414012601117,0.01393090419239922,8.499648222146341,0.5880139391266241,4.649333333333333,0.3465714612858043,0.4693333333333333,0.010252370999486468,0.893542239200967,0.007890183844817485,15.833333333333334,0.06563003989474578,1.441659470192755,-16.612771391060797,-17.589364844903997,1.4409221902017264,2.2566342455285735,-1.041666666666663,1.2240823473579088
1,350390643,13.841924,100.7131838,ถนนสุเหร่าคลองหนึ่ง; ถนนเจริญพัฒนา,0.1701371889024888,low,0.5,underpass,Underpass,0.9515414012601117,0.01393090419239922,8.499648222146341,0.5880139391266241,4.649333333333333,0.3465714612858043,0.4693333333333333,0.010252370999486468,0.893542239200967,0.007890183844817485,15.833333333333334,0.06563003989474578,1.441659470192755,-16.612771391060797,-17.589364844903997,1.4409221902017264,2.2566342455285735,-1.041666666666663,1.2240823473579088
2,2722951931,13.8941035,100.7034483,ซอยหนองระแหง 5; ถนนไทยรามัญ,0.1164121787025704,low,0.5,four_way,Existing Signalized Four-Way,0.7783491854026077,0.01853884958801186,9.735609174081977,0.6054329795024939,5.560666666666666,0.3760520058597096,0.384,0.013848385385227334,0.7810196901580738,0.013909221706794076,107.0,0.014945751150916144,0.0,0.0,0.0,0.0,0.0,0.0,0.0
2,2722951931,13.8941035,100.7034483,ซอยหนองระแหง 5; ถนนไทยรามัญ,0.1164121787025704,low,0.5,roundabout,Roundabout,0.7953841916618523,0.01119455528380139,1.3178316742215057,0.1385320840729927,2.3476666666666666,0.07500074073708278,0.3923333333333333,0.009345230512584117,0.8537841471542119,0.005343866234793772,112.0,0.013554593887968844,2.1886071931112885,-86.46379850857386,-57.78084162570435,2.1701388888888813,9.316596996602094,4.672897196261682,-9.308045135369625
2,2722951931,13.8941035,100.7034483,ซอยหนองระแหง 5; ถนนไทยรามัญ,0.1164121787025704,low,0.5,flyover,Flyover,0.7851874573919472,0.018356329835062978,8.449803474931254,0.5812523102486877,4.581,0.3197370447379812,0.3873333333333333,0.012631530214330944,0.7948127182048706,0.01348542304737738,106.83333333333333,0.014950923921452041,0.8785609489399481,-13.207244417470863,-17.61779163169882,0.8680555555555467,1.766028209097417,-0.15576323987539384,0.034610308198391414
2,2722951931,13.8941035,100.7034483,ซอยหนองระแหง 5; ถนนไทยรามัญ,0.1164121787025704,low,0.5,underpass,Underpass,0.7851874573919472,0.018356329835062978,8.449803474931254,0.5812523102486877,4.581,0.3197370447379812,0.3873333333333333,0.012631530214330944,0.7948127182048706,0.01348542304737738,106.83333333333333,0.014950923921452041,0.8785609489399481,-13.207244417470863,-17.61779163169882,0.8680555555555467,1.766028209097417,-0.15576323987539384,0.034610308198391414
3,3053324433,13.8860863,100.7221994,ถนนหทัยราษฎร์,0.10910546715626276,low,0.5,four_way,Existing Signalized Four-Way,0.9366760282460341,0.013544169935797728,10.437864336031948,0.6525895741334583,5.7459999999999996,0.382611784682304,0.462,0.009966610925150705,0.8715333175944749,0.009027609603289927,15.5,0.07028287258550416,0.0,0.0,0.0,0.0,0.0,0.0,0.0
3,3053324433,13.8860863,100.7221994,ถนนหทัยราษฎร์,0.10910546715626276,low,0.5,roundabout,Roundabout,0.9554801960293563,0.01353597346454651,1.3975122532264754,0.11763257602416098,2.627666666666667,0.10493701814792432,0.4713333333333333,0.012578641509408794,0.9475792699786397,0.008826160517632829,20.5,0.051438790607364206,2.007542332276163,-86.61112840485765,-54.269636848822365,2.0202020202020137,8.725535885886696,32.25806451612903,-26.811769759716025
3,3053324433,13.8860863,100.7221994,ถนนหทัยราษฎร์,0.10910546715626276,low,0.5,flyover,Flyover,0.9366760282460341,0.013544169935797728,8.797448751523154,0.6407955649382575,4.908666666666667,0.39055003947424355,0.462,0.009966610925150705,0.882265640521886,0.007903530100480068,15.333333333333334,0.07064362294625452,0.0,-15.716007908303716,-14.572456201415465,0.0,1.2314300223235832,-1.0752688172042972,0.513283460791231
3,3053324433,13.8860863,100.7221994,ถนนหทัยราษฎร์,0.10910546715626276,low,0.5,underpass,Underpass,0.9366760282460341,0.013544169935797728,8.797448751523154,0.6407955649382575,4.908666666666667,0.39055003947424355,0.462,0.009966610925150705,0.882265640521886,0.007903530100480068,15.333333333333334,0.07064362294625452,0.0,-15.716007908303716,-14.572456201415465,0.0,1.2314300223235832,-1.0752688172042972,0.513283460791231
4,3834754707,13.8597869,100.7350807,ซอย วัดสุขใจ; ซอยวัดสุขใจ; วัดสุขใจ 1; วัดสุขใจ 4,0.10360159118727051,low,0.5,four_way,Existing Signalized Four-Way,0.8858414364924619,0.016362550300832286,10.360349839883726,0.5493980271136197,5.665666666666667,0.40334793362003946,0.437,0.013308309851784746,0.8418567238182089,0.013415511189471048,51.0,0.02158665837694226,0.0,0.0,0.0,0.0,0.0,0.0,0.0
4,3834754707,13.8597869,100.7350807,ซอย วัดสุขใจ; ซอยวัดสุขใจ; วัดสุขใจ 1; วัดสุขใจ 4,0.10360159118727051,low,0.5,roundabout,Roundabout,0.8892014828513267,0.015239526823975526,1.3030713652638886,0.12804069343989288,2.4713333333333334,0.08251868475280816,0.43866666666666665,0.013349989596333848,0.9093979005205348,0.010320259866669462,56.0,0.01933995142378891,0.3793056206728222,-87.4225157895005,-56.38053774195446,0.38138825324179626,8.022882610712609,9.803921568627452,-10.407849672338187
4,3834754707,13.8597869,100.7350807,ซอย วัดสุขใจ; ซอยวัดสุขใจ; วัดสุขใจ 1; วัดสุขใจ 4,0.10360159118727051,low,0.5,flyover,Flyover,0.8858414364924619,0.016362550300832286,8.70544093870427,0.5519389982723136,4.677333333333333,0.34977707186149304,0.437,0.013308309851784746,0.8532387470861306,0.012535804250528011,50.833333333333336,0.021629327774450372,0.0,-15.973484744777982,-17.444254868506206,0.0,1.3520142971952487,-0.32679738562091043,0.1976655986444345
4,3834754707,13.8597869,100.7350807,ซอย วัดสุขใจ; ซอยวัดสุขใจ; วัดสุขใจ 1; วัดสุขใจ 4,0.10360159118727051,low,0.5,underpass,Underpass,0.8858414364924619,0.016362550300832286,8.70544093870427,0.5519389982723136,4.677333333333333,0.34977707186149304,0.437,0.013308309851784746,0.8532387470861306,0.012535804250528011,50.833333333333336,0.021629327774450372,0.0,-15.973484744777982,-17.444254868506206,0.0,1.3520142971952487,-0.32679738562091043,0.1976655986444345
5,5877834594,13.8601908,100.7403845,ซอยวัดสุขใจ,0.10206956344349247,low,0.5,four_way,Existing Signalized Four-Way,0.9020752287054085,0.01105761225223625,10.397717540033003,0.5767020300384622,5.717333333333333,0.4077970628197861,0.445,0.011785113019775792,0.8511957411870922,0.010348380770722984,43.0,0.03170236399403066,0.0,0.0,0.0,0.0,0.0,0.0,0.0
5,5877834594,13.8601908,100.7403845,ซอยวัดสุขใจ,0.10206956344349247,low,0.5,roundabout,Roundabout,0.9026777020616163,0.010690406229240957,1.2826649683132005,0.17316888463224883,2.479,0.10990703141999411,0.4453333333333333,0.013055437351710754,0.9175771584019947,0.008045950551799247,48.0,0.0263224378748553,0.06678748479464555,-87.66397564297434,-56.640625,0.07490636704119025,7.798607770561196,11.627906976744185,-16.97011024221526
5,5877834594,13.8601908,100.7403845,ซอยวัดสุขใจ,0.10206956344349247,low,0.5,flyover,Flyover,0.9020752287054085,0.01105761225223625,8.774375332032815,0.5611092870169626,4.730666666666666,0.3589592982188619,0.445,0.011785113019775792,0.8623879131995265,0.009446978853890618,42.833333333333336,0.03174944497331503,0.0,-15.612486122555664,-17.257462686567173,0.0,1.314876411015107,-0.3875968992248007,0.14850936445380494
5,5877834594,13.8601908,100.7403845,ซอยวัดสุขใจ,0.10206956344349247,low,0.5,underpass,Underpass,0.9020752287054085,0.01105761225223625,8.774375332032815,0.5611092870169626,4.730666666666666,0.3589592982188619,0.445,0.011785113019775792,0.8623879131995265,0.009446978853890618,42.833333333333336,0.03174944497331503,0.0,-15.612486122555664,-17.257462686567173,0.0,1.314876411015107,-0.3875968992248007,0.14850936445380494
6,2739129171,13.8694104,100.7749543,วัดสุขใจ 36,0.09250968992248063,low,0.5,four_way,Existing Signalized Four-Way,0.892917663791746,0.017029444051343722,10.15269667639054,0.7029237858704277,5.673666666666667,0.38742368424131096,0.4403333333333333,0.006782329983125262,0.8469551690641118,0.00915722615621731,46.0,0.04728105833689917,0.0,0.0,0.0,0.0,0.0,0.0,0.0
6,2739129171,13.8694104,100.7749543,วัดสุขใจ 36,0.09250968992248063,low,0.5,roundabout,Roundabout,0.9090283860511728,0.020331803717283204,1.3016430239568497,0.20554313773226768,2.5146666666666664,0.09127126844984922,0.44833333333333336,0.01120515754264775,0.9210131992521211,0.01050328186662646,51.0,0.03506166652481074,1.80427859283387,-87.17933702300257,-55.6782797720463,1.8168054504163655,8.744031903110482,10.869565217391305,-25.844158827874942
6,2739129171,13.8694104,100.7749543,วัดสุขใจ 36,0.09250968992248063,low,0.5,flyover,Flyover,0.892917663791746,0.017029444051343722,8.636969799612796,0.7724439614180103,4.847666666666667,0.40908244211215467,0.4403333333333333,0.006782329983125262,0.8571611039779107,0.008536431295499834,45.833333333333336,0.04730742964491604,0.0,-14.929303268780522,-14.558486575406842,0.0,1.205014773695334,-0.362318840579705,0.055775629701360574
6,2739129171,13.8694104,100.7749543,วัดสุขใจ 36,0.09250968992248063,low,0.5,underpass,Underpass,0.892917663791746,0.017029444051343722,8.636969799612796,0.7724439614180103,4.847666666666667,0.40908244211215467,0.4403333333333333,0.006782329983125262,0.8571611039779107,0.008536431295499834,45.833333333333336,0.04730742964491604,0.0,-14.929303268780522,-14.558486575406842,0.0,1.205014773695334,-0.362318840579705,0.055775629701360574
7,3017429961,13.8311443,100.7610659,ถนนประชาร่วมใจ,0.08698490412076704,low,0.5,four_way,Existing Signalized Four-Way,0.8772985842887101,0.014583407078095594,9.98795900923944,0.5492061935710907,5.623666666666667,0.4043903504728511,0.4326666666666667,0.007644896627453147,0.8385735483965495,0.009486686857440871,60.0,0.032397035306635236,0.0,0.0,0.0,0.0,0.0,0.0,0.0
7,3017429961,13.8311443,100.7610659,ถนนประชาร่วมใจ,0.08698490412076704,low,0.5,roundabout,Roundabout,0.883283942349602,0.012829249549490586,1.2014466694878416,0.17130053082761787,2.411,0.11867134822225997,0.43566666666666665,0.009404490653110598,0.9068553472600812,0.006357177282785396,65.0,0.025188800875501106,0.682248685690586,-87.97104925664559,-57.127615434769716,0.6933744221879692,8.142613011595042,8.333333333333332,-22.249673042328695
7,3017429961,13.8311443,100.7610659,ถนนประชาร่วมใจ,0.08698490412076704,low,0.5,flyover,Flyover,0.8819827068021009,0.01140999183060035,8.54641078699941,0.6233920429263637,4.641333333333334,0.34713974131464714,0.435,0.007673909622147553,0.851827589249688,0.007359906663122078,59.833333333333336,0.032410935779251304,0.533925689300929,-14.432860816774623,-17.46784422974334,0.5392912172573108,1.5805460210952038,-0.27777777777777385,0.0429066193387812
7,3017429961,13.8311443,100.7610659,ถนนประชาร่วมใจ,0.08698490412076704,low,0.5,underpass,Underpass,0.8819827068021009,0.01140999183060035,8.54641078699941,0.6233920429263637,4.641333333333334,0.34713974131464714,0.435,0.007673909622147553,0.851827589249688,0.007359906663122078,59.833333333333336,0.032410935779251304,0.533925689300929,-14.432860816774623,-17.46784422974334,0.5392912172573108,1.5805460210952038,-0.27777777777777385,0.0429066193387812
8,6128822544,13.8408751,100.698682,ถนนสุเหร่าคลองหนึ่ง; สุเหร่าคลองหนึ่ง 2,0.07001478988168096,low,0.5,four_way,Existing Signalized Four-Way,0.8928232730364556,0.014831772291891863,10.454577127167816,0.672918603040474,5.761,0.371080404584595,0.44033333333333335,0.008393118874676106,0.8452260937360935,0.008241705318568377,44.5,0.045334377341651716,0.0,0.0,0.0,0.0,0.0,0.0,0.0
8,6128822544,13.8408751,100.698682,ถนนสุเหร่าคลองหนึ่ง; สุเหร่าคลองหนึ่ง 2,0.07001478988168096,low,0.5,roundabout,Roundabout,0.9130609376679087,0.014787576753640385,1.199411992708047,0.07781191314835063,2.4833333333333334,0.05241925006882279,0.45033333333333336,0.009392668535736911,0.9243266357381839,0.007152599895081404,49.5,0.03094889606517513,2.2667044243398453,-88.5273983048899,-56.894057744604524,2.271006813020441,9.358506864411606,11.235955056179774,-31.73194851241441
8,6128822544,13.8408751,100.698682,ถนนสุเหร่าคลองหนึ่ง; สุเหร่าคลองหนึ่ง 2,0.07001478988168096,low,0.5,flyover,Flyover,0.8928232730364556,0.014831772291891863,8.980573872220742,0.7488175404027019,4.958,0.40199695963471593,0.44033333333333335,0.008393118874676106,0.8550207038147343,0.007074040204876356,44.333333333333336,0.04535886553834091,0.0,-14.09911885500038,-13.93855233466412,0.0,1.15881539285499,-0.3745318352059872,0.05401683694615749
8,6128822544,13.8408751,100.698682,ถนนสุเหร่าคลองหนึ่ง; สุเหร่าคลองหนึ่ง 2,0.07001478988168096,low,0.5,underpass,Underpass,0.8928232730364556,0.014831772291891863,8.980573872220742,0.7488175404027019,4.958,0.40199695963471593,0.44033333333333335,0.008393118874676106,0.8550207038147343,0.007074040204876356,44.333333333333336,0.04535886553834091,0.0,-14.09911885500038,-13.93855233466412,0.0,1.15881539285499,-0.3745318352059872,0.05401683694615749
9,2722951940,13.9061458,100.6996359,ซอยหนองระแหง 5; ถนนหนองระแหง,0.06566299469604243,low,0.5,four_way,Existing Signalized Four-Way,0.9414298686595927,0.011363856747754184,10.509985739691516,0.7386972332699165,5.808333333333334,0.4380702632632757,0.4643333333333333,0.008730533902472522,0.8738411737084653,0.007033058589182505,22.0,0.06505107093342387,0.0,0.0,0.0,0.0,0.0,0.0,0.0
9,2722951940,13.9061458,100.6996359,ซอยหนองระแหง 5; ถนนหนองระแหง,0.06566299469604243,low,0.5,roundabout,Roundabout,0.9420692601294339,0.013754930234870663,1.095388636419398,0.11061779858098184,2.465,0.10413666234542196,0.4646666666666667,0.01040299102288482,0.9425269359504347,0.006910078876333546,27.0,0.04664857707361293,0.06791705799090816,-89.57763917525972,-57.560975609756106,0.07178750897344267,7.860211249886088,22.727272727272727,-28.289301921938932
9,2722951940,13.9061458,100.6996359,ซอยหนองระแหง 5; ถนนหนองระแหง,0.06566299469604243,low,0.5,flyover,Flyover,0.9454983223877645,0.012518615732389863,8.758073460135869,0.6930933942387586,4.746333333333333,0.37293639612614315,0.4663333333333333,0.008781293248213006,0.8883009725606638,0.00801674003614544,21.833333333333332,0.06519112695583283,0.43215685667213277,-16.66902622845108,-18.28407460545194,0.43072505384063214,1.6547399329826777,-0.757575757575763,0.215301639772084
9,2722951940,13.9061458,100.6996359,ซอยหนองระแหง 5; ถนนหนองระแหง,0.06566299469604243,low,0.5,underpass,Underpass,0.9454983223877645,0.012518615732389863,8.758073460135869,0.6930933942387586,4.746333333333333,0.37293639612614315,0.4663333333333333,0.008781293248213006,0.8883009725606638,0.00801674003614544,21.833333333333332,0.06519112695583283,0.43215685667213277,-16.66902622845108,-18.28407460545194,0.43072505384063214,1.6547399329826777,-0.757575757575763,0.215301639772084
10,3010327836,13.8353969,100.7675243,ซอยประชาร่วมใจ 33; ซอยประชาร่วมใจ 44; ถนนประชาร่วมใจ,0.05310179518563852,low,0.5,four_way,Existing Signalized Four-Way,0.9212007592062449,0.015583682687459986,10.461185505550448,0.6639697161125396,5.716333333333333,0.43412031102500215,0.45433333333333337,0.008981462390204982,0.8622829075269699,0.009895750656108432,35.0,0.04582709703677444,0.0,0.0,0.0,0.0,0.0,0.0,0.0
10,3010327836,13.8353969,100.7675243,ซอยประชาร่วมใจ 33; ซอยประชาร่วมใจ 44; ถนนประชาร่วมใจ,0.05310179518563852,low,0.5,roundabout,Roundabout,0.9192350772393814,0.017671563125097076,1.1962807100409554,0.11785695409952676,2.4556666666666667,0.05890293333574788,0.4533333333333333,0.008366600265340758,0.9281255084146283,0.007954685786340988,40.0,0.033268092235387375,-0.21338258215910133,-88.56457798777932,-57.041226893696425,-0.22010271460015915,7.635846694038636,14.285714285714285,-27.405193899384372
10,3010327836,13.8353969,100.7675243,ซอยประชาร่วมใจ 33; ซอยประชาร่วมใจ 44; ถนนประชาร่วมใจ,0.05310179518563852,low,0.5,flyover,Flyover,0.9212007592062449,0.015583682687459986,8.873007434732203,0.6892587005234955,4.728000000000001,0.37697391598535474,0.45433333333333337,0.008981462390204982,0.8732891418784707,0.009943269494310195,34.833333333333336,0.04586976643428255,0.0,-15.181626116615526,-17.289637879759738,0.0,1.2764064155077302,-0.4761904761904694,0.09310953620707074
10,3010327836,13.8353969,100.7675243,ซอยประชาร่วมใจ 33; ซอยประชาร่วมใจ 44; ถนนประชาร่วมใจ,0.05310179518563852,low,0.5,underpass,Underpass,0.9212007592062449,0.015583682687459986,8.873007434732203,0.6892587005234955,4.728000000000001,0.37697391598535474,0.45433333333333337,0.008981462390204982,0.8732891418784707,0.009943269494310195,34.833333333333336,0.04586976643428255,0.0,-15.181626116615526,-17.289637879759738,0.0,1.2764064155077302,-0.4761904761904694,0.09310953620707074
1,350390643,13.841924,100.7131838,ถนนสุเหร่าคลองหนึ่ง; ถนนเจริญพัฒนา,0.1701371889024888,medium,1.0,four_way,Existing Signalized Four-Way,0.9614916736498952,0.00594194329756118,11.195727507939347,0.7489691829928637,12.036999999999999,0.8897055692755889,0.9466666666666667,0.01834847859269719,0.8643496906606362,0.004638187675625844,16.0,0.06483638910109499,0.0,0.0,0.0,0.0,0.0,0.0,0.0
1,350390643,13.841924,100.7131838,ถนนสุเหร่าคลองหนึ่ง; ถนนเจริญพัฒนา,0.1701371889024888,medium,1.0,roundabout,Roundabout,0.940967954739633,0.01443219615060633,13.680124346688924,2.585395083683634,17.450333333333333,2.406259291468353,0.9263333333333333,0.01617267929427759,0.8305132467239947,0.011421732806859269,21.0,0.048957820825669796,-2.134570633602325,22.19057972773801,44.97244606906484,-2.14788732394366,-3.9146706827394935,31.25,-24.490210660354354
1,350390643,13.841924,100.7131838,ถนนสุเหร่าคลองหนึ่ง; ถนนเจริญพัฒนา,0.1701371889024888,medium,1.0,flyover,Flyover,0.9678939353023444,0.004608327281568212,9.574402128527694,0.6756319484754125,10.225333333333333,0.7798628084477421,0.9530000000000001,0.019590247006553506,0.8802987318198522,0.005515656366098275,15.833333333333334,0.06563003989474578,0.6658676125759572,-14.481643807978578,-15.050815540970888,0.6690140845070507,1.8452070188196539,-1.041666666666663,1.2240823473579088
1,350390643,13.841924,100.7131838,ถนนสุเหร่าคลองหนึ่ง; ถนนเจริญพัฒนา,0.1701371889024888,medium,1.0,underpass,Underpass,0.9678939353023444,0.004608327281568212,9.574402128527694,0.6756319484754125,10.225333333333333,0.7798628084477421,0.9530000000000001,0.019590247006553506,0.8802987318198522,0.005515656366098275,15.833333333333334,0.06563003989474578,0.6658676125759572,-14.481643807978578,-15.050815540970888,0.6690140845070507,1.8452070188196539,-1.041666666666663,1.2240823473579088
2,2722951931,13.8941035,100.7034483,ซอยหนองระแหง 5; ถนนไทยรามัญ,0.1164121787025704,medium,1.0,four_way,Existing Signalized Four-Way,0.8027111807730272,0.010679015517415734,10.364335504693566,0.7551905729220818,11.241333333333333,0.7506674067491914,0.7903333333333333,0.018055470085267804,0.7754427302440557,0.009836782190471047,107.0,0.014945751150916144,0.0,0.0,0.0,0.0,0.0,0.0,0.0
2,2722951931,13.8941035,100.7034483,ซอยหนองระแหง 5; ถนนไทยรามัญ,0.1164121787025704,medium,1.0,roundabout,Roundabout,0.7912298666545985,0.025801035304789714,10.733481671501307,3.048354978639559,13.777666666666667,2.914675243964202,0.779,0.028530685235374206,0.7620518632091267,0.03130125251194706,112.0,0.013554593887968844,-1.430316955018857,3.561696421739445,22.562566718064286,-1.4339940953184276,-1.7268673123951486,4.672897196261682,-9.308045135369625
2,2722951931,13.8941035,100.7034483,ซอยหนองระแหง 5; ถนนไทยรามัญ,0.1164121787025704,medium,1.0,flyover,Flyover,0.8067846759282695,0.009915877431640957,9.178061141143703,0.6340482081618739,9.597333333333333,0.6530446641182617,0.7943333333333333,0.017178798302300183,0.7878619697913491,0.00869061989548245,106.83333333333333,0.014950923921452041,0.5074671005976893,-11.44573487622675,-14.624599691614282,0.5061155630535643,1.601567602985289,-0.15576323987539384,0.034610308198391414
2,2722951931,13.8941035,100.7034483,ซอยหนองระแหง 5; ถนนไทยรามัญ,0.1164121787025704,medium,1.0,underpass,Underpass,0.8067846759282695,0.009915877431640957,9.178061141143703,0.6340482081618739,9.597333333333333,0.6530446641182617,0.7943333333333333,0.017178798302300183,0.7878619697913491,0.00869061989548245,106.83333333333333,0.014950923921452041,0.5074671005976893,-11.44573487622675,-14.624599691614282,0.5061155630535643,1.601567602985289,-0.15576323987539384,0.034610308198391414
3,3053324433,13.8860863,100.7221994,ถนนหทัยราษฎร์,0.10910546715626276,medium,1.0,four_way,Existing Signalized Four-Way,0.9594536750457656,0.0064086691982754625,11.99781329737873,0.8309608964755998,12.785333333333334,0.9900888848987245,0.9446666666666667,0.01877942136133768,0.8578556355516375,0.005586845880916826,15.5,0.07028287258550416,0.0,0.0,0.0,0.0,0.0,0.0,0.0
3,3053324433,13.8860863,100.7221994,ถนนหทัยราษฎร์,0.10910546715626276,medium,1.0,roundabout,Roundabout,0.939590217110232,0.012448445338198529,12.644415817770875,3.1412422732180114,16.657,2.691512874863421,0.925,0.01595131481867386,0.835896326514353,0.015982354818461785,20.5,0.051438790607364206,-2.07028837891377,5.389336409605691,30.28209406611742,-2.081863091037397,-2.5597907301924674,32.25806451612903,-26.811769759716025
3,3053324433,13.8860863,100.7221994,ถนนหทัยราษฎร์,0.10910546715626276,medium,1.0,flyover,Flyover,0.9594536750457656,0.0064086691982754625,9.756438259229927,0.6455782018805105,10.502333333333333,0.7620313496030056,0.9446666666666667,0.01877942136133768,0.8736447723937323,0.005962180588856063,15.333333333333334,0.07064362294625452,0.0,-18.681529563712214,-17.85639795599125,0.0,1.8405354220167518,-1.0752688172042972,0.513283460791231
3,3053324433,13.8860863,100.7221994,ถนนหทัยราษฎร์,0.10910546715626276,medium,1.0,underpass,Underpass,0.9594536750457656,0.0064086691982754625,9.756438259229927,0.6455782018805105,10.502333333333333,0.7620313496030056,0.9446666666666667,0.01877942136133768,0.8736447723937323,0.005962180588856063,15.333333333333334,0.07064362294625452,0.0,-18.681529563712214,-17.85639795599125,0.0,1.8405354220167518,-1.0752688172042972,0.513283460791231
4,3834754707,13.8597869,100.7350807,ซอย วัดสุขใจ; ซอยวัดสุขใจ; วัดสุขใจ 1; วัดสุขใจ 4,0.10360159118727051,medium,1.0,four_way,Existing Signalized Four-Way,0.9032486362681587,0.008986148411198927,11.113139528854722,0.7178172837238683,11.829,0.803956604688476,0.8893333333333333,0.019194906731850623,0.8305024169970604,0.008583521245646182,51.0,0.02158665837694226,0.0,0.0,0.0,0.0,0.0,0.0,0.0
4,3834754707,13.8597869,100.7350807,ซอย วัดสุขใจ; ซอยวัดสุขใจ; วัดสุขใจ 1; วัดสุขใจ 4,0.10360159118727051,medium,1.0,roundabout,Roundabout,0.8779315289797792,0.01326031691287474,13.259004676265302,2.5988278366953868,16.758666666666667,2.6904502721044046,0.8643333333333333,0.017782638224465533,0.7960700990602059,0.015080299824912165,56.0,0.01933995142378891,-2.80289460418994,19.30926127435858,41.67441598331783,-2.8110944527736157,-4.145962399646623,9.803921568627452,-10.407849672338187
4,3834754707,13.8597869,100.7350807,ซอย วัดสุขใจ; ซอยวัดสุขใจ; วัดสุขใจ 1; วัดสุขใจ 4,0.10360159118727051,medium,1.0,flyover,Flyover,0.9032486362681587,0.008986148411198927,9.626458266653513,0.6238009703848885,10.169,0.7007691012975195,0.8893333333333333,0.019194906731850623,0.8416435845744145,0.008935601263174841,50.833333333333336,0.021629327774450372,0.0,-13.377689161025236,-14.033307971933384,0.0,1.3414973092599074,-0.32679738562091043,0.1976655986444345
4,3834754707,13.8597869,100.7350807,ซอย วัดสุขใจ; ซอยวัดสุขใจ; วัดสุขใจ 1; วัดสุขใจ 4,0.10360159118727051,medium,1.0,underpass,Underpass,0.9032486362681587,0.008986148411198927,9.626458266653513,0.6238009703848885,10.169,0.7007691012975195,0.8893333333333333,0.019194906731850623,0.8416435845744145,0.008935601263174841,50.833333333333336,0.021629327774450372,0.0,-13.377689161025236,-14.033307971933384,0.0,1.3414973092599074,-0.32679738562091043,0.1976655986444345
5,5877834594,13.8601908,100.7403845,ซอยวัดสุขใจ,0.10206956344349247,medium,1.0,four_way,Existing Signalized Four-Way,0.9226013321839697,0.010281653420087999,11.780485462013855,0.7179184401225384,12.405,0.8158179263100862,0.9083333333333333,0.01751190071541824,0.837688566763992,0.008855353614038773,43.0,0.03170236399403066,0.0,0.0,0.0,0.0,0.0,0.0,0.0
5,5877834594,13.8601908,100.7403845,ซอยวัดสุขใจ,0.10206956344349247,medium,1.0,roundabout,Roundabout,0.8939790030907929,0.017246275644592978,11.903862403749576,0.7335073686364586,15.66,1.3576953511987393,0.8803333333333333,0.028331372481167693,0.8128060877129837,0.013380463333340406,48.0,0.0263224378748553,-3.102350722323622,1.0472992996218153,26.239419588875464,-3.0825688073394524,-2.970373482251261,11.627906976744185,-16.97011024221526
5,5877834594,13.8601908,100.7403845,ซอยวัดสุขใจ,0.10206956344349247,medium,1.0,flyover,Flyover,0.9229330071425104,0.010444672693156737,10.09487635073211,0.6047755711453696,10.551666666666666,0.6917827211873198,0.9086666666666666,0.01796292478040996,0.8501257248066176,0.009151511565998366,42.833333333333336,0.03174944497331503,0.03594997611325346,-14.30848598486869,-14.940212279994627,0.03669724770641798,1.4846995095887103,-0.3875968992248007,0.14850936445380494
5,5877834594,13.8601908,100.7403845,ซอยวัดสุขใจ,0.10206956344349247,medium,1.0,underpass,Underpass,0.9229330071425104,0.010444672693156737,10.09487635073211,0.6047755711453696,10.551666666666666,0.6917827211873198,0.9086666666666666,0.01796292478040996,0.8501257248066176,0.009151511565998366,42.833333333333336,0.03174944497331503,0.03594997611325346,-14.30848598486869,-14.940212279994627,0.03669724770641798,1.4846995095887103,-0.3875968992248007,0.14850936445380494
6,2739129171,13.8694104,100.7749543,วัดสุขใจ 36,0.09250968992248063,medium,1.0,four_way,Existing Signalized Four-Way,0.8993031023994853,0.013466469042750902,11.517609943572392,0.9458533622400911,12.314,0.964950545652758,0.8853333333333333,0.016172679294277598,0.8251977121267894,0.010770313127792178,46.0,0.04728105833689917,0.0,0.0,0.0,0.0,0.0,0.0,0.0
6,2739129171,13.8694104,100.7749543,วัดสุขใจ 36,0.09250968992248063,medium,1.0,roundabout,Roundabout,0.8841259235332464,0.023816184129911103,10.992324689383578,2.3526973331547247,14.848,1.255655826871184,0.8703333333333333,0.023031379560166258,0.8131348994833465,0.006602126353848578,51.0,0.03506166652481074,-1.6876600142647982,-4.560714043645479,20.578203670618812,-1.6942771084337367,-1.4618087842673841,10.869565217391305,-25.844158827874942
6,2739129171,13.8694104,100.7749543,วัดสุขใจ 36,0.09250968992248063,medium,1.0,flyover,Flyover,0.8898797045058632,0.018835547597523736,12.559195062448351,1.3142274480033473,13.728666666666667,1.8694700377974027,0.876,0.018153665072253473,0.8119966869837929,0.016953202226483246,45.833333333333336,0.04730742964491604,-1.0478555971261503,9.043413728880743,11.488278923718266,-1.0542168674698764,-1.5997408801550552,-0.362318840579705,0.055775629701360574
6,2739129171,13.8694104,100.7749543,วัดสุขใจ 36,0.09250968992248063,medium,1.0,underpass,Underpass,0.8898797045058632,0.018835547597523736,12.559195062448351,1.3142274480033473,13.728666666666667,1.8694700377974027,0.876,0.018153665072253473,0.8119966869837929,0.016953202226483246,45.833333333333336,0.04730742964491604,-1.0478555971261503,9.043413728880743,11.488278923718266,-1.0542168674698764,-1.5997408801550552,-0.362318840579705,0.055775629701360574
7,3017429961,13.8311443,100.7610659,ถนนประชาร่วมใจ,0.08698490412076704,medium,1.0,four_way,Existing Signalized Four-Way,0.890067926281563,0.013194854144032766,10.894737931136733,0.7062545996885076,11.737333333333334,0.8511166521432625,0.8763333333333333,0.020368821489936254,0.8238468193839505,0.010406745400589732,60.0,0.032397035306635236,0.0,0.0,0.0,0.0,0.0,0.0,0.0
7,3017429961,13.8311443,100.7610659,ถนนประชาร่วมใจ,0.08698490412076704,medium,1.0,roundabout,Roundabout,0.8721989454523671,0.019733634093931193,11.18317438302143,1.3318786230467494,14.504999999999999,1.3940205641716095,0.8586666666666667,0.02204540768504863,0.8055505385884667,0.012192107115203476,65.0,0.025188800875501106,-2.0075974317878305,2.647484076329707,23.58002953538565,-2.0159756561430138,-2.2208352772624997,8.333333333333332,-22.249673042328695
7,3017429961,13.8311443,100.7610659,ถนนประชาร่วมใจ,0.08698490412076704,medium,1.0,flyover,Flyover,0.8947933927643307,0.01191142994181769,9.615553230288466,0.5993411159076156,10.091333333333333,0.7502513652844032,0.881,0.02029230834029924,0.8368645019953463,0.009175605369040243,59.833333333333336,0.032410935779251304,0.5309107702048437,-11.741307674711548,-14.023628308531189,0.5325218714340101,1.5801095913837544,-0.27777777777777385,0.0429066193387812
7,3017429961,13.8311443,100.7610659,ถนนประชาร่วมใจ,0.08698490412076704,medium,1.0,underpass,Underpass,0.8947933927643307,0.01191142994181769,9.615553230288466,0.5993411159076156,10.091333333333333,0.7502513652844032,0.881,0.02029230834029924,0.8368645019953463,0.009175605369040243,59.833333333333336,0.032410935779251304,0.5309107702048437,-11.741307674711548,-14.023628308531189,0.5325218714340101,1.5801095913837544,-0.27777777777777385,0.0429066193387812
8,6128822544,13.8408751,100.698682,ถนนสุเหร่าคลองหนึ่ง; สุเหร่าคลองหนึ่ง 2,0.07001478988168096,medium,1.0,four_way,Existing Signalized Four-Way,0.9103999338555582,0.009044200086237538,11.854058329531115,0.8462551608229532,12.547,0.8768728528127667,0.8963333333333333,0.017365355036841463,0.8297831567467783,0.00857775564927233,44.5,0.045334377341651716,0.0,0.0,0.0,0.0,0.0,0.0,0.0
8,6128822544,13.8408751,100.698682,ถนนสุเหร่าคลองหนึ่ง; สุเหร่าคลองหนึ่ง 2,0.07001478988168096,medium,1.0,roundabout,Roundabout,0.8901566251757235,0.01314183025769693,12.542651582740811,1.6206434014132487,16.202666666666666,1.5904404002246257,0.8763333333333333,0.016103829772241545,0.806871772994492,0.0050869976349673714,49.5,0.03094889606517513,-2.2235621870164217,5.80892411752569,29.135782790042757,-2.2313127556712553,-2.7611290451004025,11.235955056179774,-31.73194851241441
8,6128822544,13.8408751,100.698682,ถนนสุเหร่าคลองหนึ่ง; สุเหร่าคลองหนึ่ง 2,0.07001478988168096,medium,1.0,flyover,Flyover,0.911080844595404,0.008925582789157793,10.245872018422297,0.7552177263205458,10.708333333333334,0.7316928620975095,0.897,0.01710750322714177,0.8419713742076446,0.008372258143963309,44.333333333333336,0.04535886553834091,0.07479248564552361,-13.56654629497196,-14.654233415690337,0.07437709185571263,1.4688436806371237,-0.3745318352059872,0.05401683694615749
8,6128822544,13.8408751,100.698682,ถนนสุเหร่าคลองหนึ่ง; สุเหร่าคลองหนึ่ง 2,0.07001478988168096,medium,1.0,underpass,Underpass,0.911080844595404,0.008925582789157793,10.245872018422297,0.7552177263205458,10.708333333333334,0.7316928620975095,0.897,0.01710750322714177,0.8419713742076446,0.008372258143963309,44.333333333333336,0.04535886553834091,0.07479248564552361,-13.56654629497196,-14.654233415690337,0.07437709185571263,1.4688436806371237,-0.3745318352059872,0.05401683694615749
9,2722951940,13.9061458,100.6996359,ซอยหนองระแหง 5; ถนนหนองระแหง,0.06566299469604243,medium,1.0,four_way,Existing Signalized Four-Way,0.9584308418897893,0.004069690745800217,12.263203413559168,0.7392198000920411,13.050666666666666,0.9266886088529299,0.9436666666666667,0.018541245313564506,0.8554728255675916,0.002649114728871427,22.0,0.06505107093342387,0.0,0.0,0.0,0.0,0.0,0.0,0.0
9,2722951940,13.9061458,100.6996359,ซอยหนองระแหง 5; ถนนหนองระแหง,0.06566299469604243,medium,1.0,roundabout,Roundabout,0.9267616434019212,0.013024291003669449,12.220199061261914,2.578036221155235,16.116333333333333,2.422301339176812,0.9123333333333333,0.013968217893171314,0.8307530414212588,0.01453569165461654,27.0,0.04664857707361293,-3.3042758124753413,-0.3506779660011615,23.49049856967716,-3.3203814906393494,-2.8896048369428504,22.727272727272727,-28.289301921938932
9,2722951940,13.9061458,100.6996359,ซอยหนองระแหง 5; ถนนหนองระแหง,0.06566299469604243,medium,1.0,flyover,Flyover,0.9594281760245519,0.0036099840061643504,10.55731808997782,0.6079734559495912,11.116666666666667,0.7204265711676969,0.9446666666666667,0.01936204764194347,0.8682880920864819,0.003971860404598662,21.833333333333332,0.06519112695583283,0.10405906103731531,-13.910601219377858,-14.819166326113603,0.10596962204168148,1.4980331503093158,-0.757575757575763,0.215301639772084
9,2722951940,13.9061458,100.6996359,ซอยหนองระแหง 5; ถนนหนองระแหง,0.06566299469604243,medium,1.0,underpass,Underpass,0.9594281760245519,0.0036099840061643504,10.55731808997782,0.6079734559495912,11.116666666666667,0.7204265711676969,0.9446666666666667,0.01936204764194347,0.8682880920864819,0.003971860404598662,21.833333333333332,0.06519112695583283,0.10405906103731531,-13.910601219377858,-14.819166326113603,0.10596962204168148,1.4980331503093158,-0.757575757575763,0.215301639772084
10,3010327836,13.8353969,100.7675243,ซอยประชาร่วมใจ 33; ซอยประชาร่วมใจ 44; ถนนประชาร่วมใจ,0.05310179518563852,medium,1.0,four_way,Existing Signalized Four-Way,0.9401661718633328,0.00841783425623658,11.396446674365794,0.7685865988808731,12.137,0.907493128226202,0.9256666666666666,0.01878533707147384,0.8505101017047715,0.002882039755801034,35.0,0.04582709703677444,0.0,0.0,0.0,0.0,0.0,0.0,0.0
10,3010327836,13.8353969,100.7675243,ซอยประชาร่วมใจ 33; ซอยประชาร่วมใจ 44; ถนนประชาร่วมใจ,0.05310179518563852,medium,1.0,roundabout,Roundabout,0.9115549051821538,0.017561457285813133,11.54692685035024,3.051363745375628,15.323,2.9055508944088384,0.8973333333333333,0.016519348924485144,0.8265711328554525,0.021581184950086967,40.0,0.033268092235387375,-3.0432137995854367,1.3204131101926897,26.250308972563236,-3.0608570399711907,-2.81466014352275,14.285714285714285,-27.405193899384372
10,3010327836,13.8353969,100.7675243,ซอยประชาร่วมใจ 33; ซอยประชาร่วมใจ 44; ถนนประชาร่วมใจ,0.05310179518563852,medium,1.0,flyover,Flyover,0.9401661718633328,0.00841783425623658,9.969161363901836,0.7057862587023156,10.479000000000001,0.8028702676439492,0.9256666666666666,0.01878533707147384,0.8612151027779624,0.002571144446835778,34.833333333333336,0.04586976643428255,0.0,-12.523950238580708,-13.66070692922468,0.0,1.2586565464341608,-0.4761904761904694,0.09310953620707074
10,3010327836,13.8353969,100.7675243,ซอยประชาร่วมใจ 33; ซอยประชาร่วมใจ 44; ถนนประชาร่วมใจ,0.05310179518563852,medium,1.0,underpass,Underpass,0.9401661718633328,0.00841783425623658,9.969161363901836,0.7057862587023156,10.479000000000001,0.8028702676439492,0.9256666666666666,0.01878533707147384,0.8612151027779624,0.002571144446835778,34.833333333333336,0.04586976643428255,0.0,-12.523950238580708,-13.66070692922468,0.0,1.2586565464341608,-0.4761904761904694,0.09310953620707074
1,350390643,13.841924,100.7131838,ถนนสุเหร่าคลองหนึ่ง; ถนนเจริญพัฒนา,0.1701371889024888,high,2.0,four_way,Existing Signalized Four-Way,0.9517520359252823,0.008205831679866545,13.50133411867932,0.5071780891461217,28.812333333333335,1.0904273372296656,1.8883333333333334,0.03328329577697766,0.8205445150722853,0.005825965047591648,16.0,0.06483638910109499,0.0,0.0,0.0,0.0,0.0,0.0,0.0
1,350390643,13.841924,100.7131838,ถนนสุเหร่าคลองหนึ่ง; ถนนเจริญพัฒนา,0.1701371889024888,high,2.0,roundabout,Roundabout,0.5389136210866534,0.0078064659803485145,82.68954665047193,3.69236727108842,263.17566666666664,12.944079581886943,1.069,0.0022607766610418085,0.4051645593003376,0.004552589785856358,21.0,0.048957820825669796,-43.37667787989255,512.4546353983608,813.4132373867672,-43.389232127096214,-50.62247667761878,31.25,-24.490210660354354
1,350390643,13.841924,100.7131838,ถนนสุเหร่าคลองหนึ่ง; ถนนเจริญพัฒนา,0.1701371889024888,high,2.0,flyover,Flyover,0.9596540816989061,0.0062181993204399435,10.850363643253313,0.4863821143922984,23.179333333333332,1.1310288335061234,1.9040000000000001,0.03110198278781164,0.8445281612181279,0.002473878417504975,15.833333333333334,0.06563003989474578,0.8302630806501472,-19.634877947049286,-19.550655390631334,0.8296557811120944,2.9228939692235665,-1.041666666666663,1.2240823473579088
1,350390643,13.841924,100.7131838,ถนนสุเหร่าคลองหนึ่ง; ถนนเจริญพัฒนา,0.1701371889024888,high,2.0,underpass,Underpass,0.9596540816989061,0.0062181993204399435,10.850363643253313,0.4863821143922984,23.179333333333332,1.1310288335061234,1.9040000000000001,0.03110198278781164,0.8445281612181279,0.002473878417504975,15.833333333333334,0.06563003989474578,0.8302630806501472,-19.634877947049286,-19.550655390631334,0.8296557811120944,2.9228939692235665,-1.041666666666663,1.2240823473579088
2,2722951931,13.8941035,100.7034483,ซอยหนองระแหง 5; ถนนไทยรามัญ,0.1164121787025704,high,2.0,four_way,Existing Signalized Four-Way,0.7903173069851105,0.008444010881217144,10.801180651410755,0.4921011917305718,23.531333333333333,0.8853721126045119,1.568,0.027272289558777026,0.742916530480217,0.005658060401894416,107.0,0.014945751150916144,0.0,0.0,0.0,0.0,0.0,0.0,0.0
2,2722951931,13.8941035,100.7034483,ซอยหนองระแหง 5; ถนนไทยรามัญ,0.1164121787025704,high,2.0,roundabout,Roundabout,0.4660070375145365,0.011781318631724108,66.84147166970658,3.318994255777485,213.03400000000002,15.186928099886135,0.9243333333333333,0.01665332799572907,0.3758491830390941,0.009641609378396978,112.0,0.013554593887968844,-41.03545077454365,518.8348646957992,805.3205654871521,-41.050170068027214,-49.40896216212239,4.672897196261682,-9.308045135369625
2,2722951931,13.8941035,100.7034483,ซอยหนองระแหง 5; ถนนไทยรามัญ,0.1164121787025704,high,2.0,flyover,Flyover,0.7868653332981063,0.013392141285451792,9.735506106700347,0.9933842176184806,23.184,4.100189236825268,1.561,0.026470108928122404,0.7468135044520897,0.0156475139568073,106.83333333333333,0.014950923921452041,-0.4367832586347832,-9.866278318113482,-1.4760461228999555,-0.44642857142857884,0.524550714917292,-0.15576323987539384,0.034610308198391414
2,2722951931,13.8941035,100.7034483,ซอยหนองระแหง 5; ถนนไทยรามัญ,0.1164121787025704,high,2.0,underpass,Underpass,0.7868653332981063,0.013392141285451792,9.735506106700347,0.9933842176184806,23.184,4.100189236825268,1.561,0.026470108928122404,0.7468135044520897,0.0156475139568073,106.83333333333333,0.014950923921452041,-0.4367832586347832,-9.866278318113482,-1.4760461228999555,-0.44642857142857884,0.524550714917292,-0.15576323987539384,0.034610308198391414
3,3053324433,13.8860863,100.7221994,ถนนหทัยราษฎร์,0.10910546715626276,high,2.0,four_way,Existing Signalized Four-Way,0.9417119691531103,0.007294698843785478,18.48237667830377,2.234406913139839,38.388666666666666,4.5494114881915095,1.8683333333333334,0.027121127475743998,0.7866218996913754,0.007538019202811755,15.5,0.07028287258550416,0.0,0.0,0.0,0.0,0.0,0.0,0.0
3,3053324433,13.8860863,100.7221994,ถนนหทัยราษฎร์,0.10910546715626276,high,2.0,roundabout,Roundabout,0.5410951519302291,0.008086715156770395,82.74192844644578,3.528587254971973,262.4653333333333,13.697176854292929,1.0733333333333333,0.005676462121975507,0.4064752218596575,0.005349703106581031,20.5,0.051438790607364206,-42.54133220619033,347.68013273734164,583.7052602330549,-42.55129348795719,-48.326480356174336,32.25806451612903,-26.811769759716025
3,3053324433,13.8860863,100.7221994,ถนนหทัยราษฎร์,0.10910546715626276,high,2.0,flyover,Flyover,0.9520771154313931,0.0064438633575301905,14.194412310602027,2.117193991045702,29.975666666666665,4.315408388038792,1.889,0.033025242870668894,0.8172240689164723,0.011799717871068904,15.333333333333334,0.07064362294625452,1.1006705466008087,-23.200286642438844,-21.915322230519426,1.1061552185548587,3.8903276449719173,-1.0752688172042972,0.513283460791231
3,3053324433,13.8860863,100.7221994,ถนนหทัยราษฎร์,0.10910546715626276,high,2.0,underpass,Underpass,0.9520771154313931,0.0064438633575301905,14.194412310602027,2.117193991045702,29.975666666666665,4.315408388038792,1.889,0.033025242870668894,0.8172240689164723,0.011799717871068904,15.333333333333334,0.07064362294625452,1.1006705466008087,-23.200286642438844,-21.915322230519426,1.1061552185548587,3.8903276449719173,-1.0752688172042972,0.513283460791231
4,3834754707,13.8597869,100.7350807,ซอย วัดสุขใจ; ซอยวัดสุขใจ; วัดสุขใจ 1; วัดสุขใจ 4,0.10360159118727051,high,2.0,four_way,Existing Signalized Four-Way,0.8920776480451907,0.012039498774473292,12.078357589172837,0.4763063058541193,25.889,1.0001197706052785,1.77,0.039214509786273985,0.7946816592924429,0.007506512242126846,51.0,0.02158665837694226,0.0,0.0,0.0,0.0,0.0,0.0,0.0
4,3834754707,13.8597869,100.7350807,ซอย วัดสุขใจ; ซอยวัดสุขใจ; วัดสุขใจ 1; วัดสุขใจ 4,0.10360159118727051,high,2.0,roundabout,Roundabout,0.5165750558319933,0.009620472582368776,75.9612894402489,5.440727088761863,240.54466666666667,13.04253257615253,1.0246666666666666,0.010022197585581951,0.39750826956479246,0.0069044233525668314,56.0,0.01933995142378891,-42.0930389900516,528.9041277295961,829.1385015514954,-42.109227871939744,-49.978929937967855,9.803921568627452,-10.407849672338187
4,3834754707,13.8597869,100.7350807,ซอย วัดสุขใจ; ซอยวัดสุขใจ; วัดสุขใจ 1; วัดสุขใจ 4,0.10360159118727051,high,2.0,flyover,Flyover,0.8942733888308932,0.010904738782026304,9.767892736691833,0.42857517494182024,21.017333333333333,1.036658949596143,1.7743333333333333,0.03685708133377412,0.8139751277672841,0.004865884529109836,50.833333333333336,0.021629327774450372,0.24613785476118927,-19.128965469213536,-18.817515804653198,0.24482109227871754,2.4278235503785734,-0.32679738562091043,0.1976655986444345
4,3834754707,13.8597869,100.7350807,ซอย วัดสุขใจ; ซอยวัดสุขใจ; วัดสุขใจ 1; วัดสุขใจ 4,0.10360159118727051,high,2.0,underpass,Underpass,0.8942733888308932,0.010904738782026304,9.767892736691833,0.42857517494182024,21.017333333333333,1.036658949596143,1.7743333333333333,0.03685708133377412,0.8139751277672841,0.004865884529109836,50.833333333333336,0.021629327774450372,0.24613785476118927,-19.128965469213536,-18.817515804653198,0.24482109227871754,2.4278235503785734,-0.32679738562091043,0.1976655986444345
5,5877834594,13.8601908,100.7403845,ซอยวัดสุขใจ,0.10206956344349247,high,2.0,four_way,Existing Signalized Four-Way,0.8941362259517636,0.006218490116182112,18.662297881216737,3.173786880164067,38.902,7.072311691849183,1.774,0.028724747363747364,0.757779838867338,0.015285354770406162,43.0,0.03170236399403066,0.0,0.0,0.0,0.0,0.0,0.0,0.0
5,5877834594,13.8601908,100.7403845,ซอยวัดสุขใจ,0.10206956344349247,high,2.0,roundabout,Roundabout,0.521081507228567,0.006185399865028502,78.30178753786336,6.09890223205964,247.42333333333335,11.959321236777802,1.0336666666666667,0.0032317865716108784,0.3982744565172753,0.005498852181654937,48.0,0.0263224378748553,-41.72235817043408,319.57205932648134,536.016999982863,-41.73243141676061,-47.441930216488664,11.627906976744185,-16.97011024221526
5,5877834594,13.8601908,100.7403845,ซอยวัดสุขใจ,0.10206956344349247,high,2.0,flyover,Flyover,0.889830868648414,0.015500851570388914,16.388915316006848,3.2844741289729695,36.414,8.218028190103349,1.7653333333333334,0.03426044042007892,0.7655765353493817,0.02273682811616219,42.833333333333336,0.03174944497331503,-0.4815102194038429,-12.181686197914606,-6.395558068993881,-0.48853814355505076,1.0288867665966859,-0.3875968992248007,0.14850936445380494
5,5877834594,13.8601908,100.7403845,ซอยวัดสุขใจ,0.10206956344349247,high,2.0,underpass,Underpass,0.889830868648414,0.015500851570388914,16.388915316006848,3.2844741289729695,36.414,8.218028190103349,1.7653333333333334,0.03426044042007892,0.7655765353493817,0.02273682811616219,42.833333333333336,0.03174944497331503,-0.4815102194038429,-12.181686197914606,-6.395558068993881,-0.48853814355505076,1.0288867665966859,-0.3875968992248007,0.14850936445380494
6,2739129171,13.8694104,100.7749543,วัดสุขใจ 36,0.09250968992248063,high,2.0,four_way,Existing Signalized Four-Way,0.8941938042110752,0.010659710144125928,15.376129369228085,0.9985362307576553,32.541333333333334,1.726932862363534,1.774,0.026679163738351632,0.7745068118612418,0.0016666845441309103,46.0,0.04728105833689917,0.0,0.0,0.0,0.0,0.0,0.0,0.0
6,2739129171,13.8694104,100.7749543,วัดสุขใจ 36,0.09250968992248063,high,2.0,roundabout,Roundabout,0.5201378040422139,0.011120019872754119,69.55780275933486,4.650368057524961,239.88033333333334,14.75611565871362,1.0316666666666667,0.009189365834726768,0.40421384493859047,0.008841187883404393,51.0,0.03506166652481074,-41.83164750273365,352.3752440489958,637.1558223387692,-41.84517098835024,-47.81016270635356,10.869565217391305,-25.844158827874942
6,2739129171,13.8694104,100.7749543,วัดสุขใจ 36,0.09250968992248063,high,2.0,flyover,Flyover,0.8336864498530239,0.010137990832895695,22.005075833230208,1.2693527138935954,68.47166666666666,3.8727445048699005,1.654,0.027700782179088928,0.6906874788622956,0.0053766311392984675,45.833333333333336,0.04730742964491604,-6.7666935370275185,43.11193216979879,110.41444726706547,-6.764374295377682,-10.822284803088728,-0.362318840579705,0.055775629701360574
6,2739129171,13.8694104,100.7749543,วัดสุขใจ 36,0.09250968992248063,high,2.0,underpass,Underpass,0.8336864498530239,0.010137990832895695,22.005075833230208,1.2693527138935954,68.47166666666666,3.8727445048699005,1.654,0.027700782179088928,0.6906874788622956,0.0053766311392984675,45.833333333333336,0.04730742964491604,-6.7666935370275185,43.11193216979879,110.41444726706547,-6.764374295377682,-10.822284803088728,-0.362318840579705,0.055775629701360574
7,3017429961,13.8311443,100.7610659,ถนนประชาร่วมใจ,0.08698490412076704,high,2.0,four_way,Existing Signalized Four-Way,0.8788368136115283,0.010855130250799023,12.053287575831183,0.5336509926613103,25.828666666666667,0.9829165218312736,1.7436666666666667,0.03442221504913491,0.7869537794238757,0.006281014208723186,60.0,0.032397035306635236,0.0,0.0,0.0,0.0,0.0,0.0,0.0
7,3017429961,13.8311443,100.7610659,ถนนประชาร่วมใจ,0.08698490412076704,high,2.0,roundabout,Roundabout,0.5050124051665577,0.012230853212960751,75.55688331041117,5.734933752642827,234.70566666666667,16.44848431382729,1.0016666666666667,0.014337208778404371,0.391296520906235,0.010743052024730746,65.0,0.025188800875501106,-42.5362709726236,526.8570531903271,808.7022171747154,-42.55400497036895,-50.2770644048878,8.333333333333332,-22.249673042328695
7,3017429961,13.8311443,100.7610659,ถนนประชาร่วมใจ,0.08698490412076704,high,2.0,flyover,Flyover,0.8810186120000263,0.011920224879169569,10.086490075800366,0.39668590068209825,21.25733333333333,0.9316834226280943,1.748,0.0360462665658086,0.8041268897262409,0.0054930248243946645,59.833333333333336,0.032410935779251304,0.2482597855149008,-16.317519080641265,-17.698681052061023,0.24851844771554005,2.182226040637046,-0.27777777777777385,0.0429066193387812
7,3017429961,13.8311443,100.7610659,ถนนประชาร่วมใจ,0.08698490412076704,high,2.0,underpass,Underpass,0.8810186120000263,0.011920224879169569,10.086490075800366,0.39668590068209825,21.25733333333333,0.9316834226280943,1.748,0.0360462665658086,0.8041268897262409,0.0054930248243946645,59.833333333333336,0.032410935779251304,0.2482597855149008,-16.317519080641265,-17.698681052061023,0.24851844771554005,2.182226040637046,-0.27777777777777385,0.0429066193387812
8,6128822544,13.8408751,100.698682,ถนนสุเหร่าคลองหนึ่ง; สุเหร่าคลองหนึ่ง 2,0.07001478988168096,high,2.0,four_way,Existing Signalized Four-Way,0.9027224606483542,0.007494941852878648,16.546053289394397,2.1598235053750563,34.194,4.388488299580568,1.791,0.027900617277122113,0.7741020641030144,0.010251247209094845,44.5,0.045334377341651716,0.0,0.0,0.0,0.0,0.0,0.0,0.0
8,6128822544,13.8408751,100.698682,ถนนสุเหร่าคลองหนึ่ง; สุเหร่าคลองหนึ่ง 2,0.07001478988168096,high,2.0,roundabout,Roundabout,0.5241261409199967,0.009573617492617906,73.01755597005045,5.979379522104614,240.86766666666668,12.318944606670744,1.0396666666666667,0.011661903789690576,0.40408320522821406,0.006925147550166988,49.5,0.03094889606517513,-41.93939291777915,341.2989290736351,604.4150045817005,-41.95049320677461,-47.79975096740728,11.235955056179774,-31.73194851241441
8,6128822544,13.8408751,100.698682,ถนนสุเหร่าคลองหนึ่ง; สุเหร่าคลองหนึ่ง 2,0.07001478988168096,high,2.0,flyover,Flyover,0.904226633552292,0.006667005269867275,14.99226794075158,2.0813620979705116,30.595,4.262868100756162,1.794,0.028138546120540387,0.7847770931011079,0.011272992411238199,44.333333333333336,0.04535886553834091,0.16662628543191077,-9.390670521040533,-10.52523834590865,0.1675041876046965,1.3790208672887458,-0.3745318352059872,0.05401683694615749
8,6128822544,13.8408751,100.698682,ถนนสุเหร่าคลองหนึ่ง; สุเหร่าคลองหนึ่ง 2,0.07001478988168096,high,2.0,underpass,Underpass,0.904226633552292,0.006667005269867275,14.99226794075158,2.0813620979705116,30.595,4.262868100756162,1.794,0.028138546120540387,0.7847770931011079,0.011272992411238199,44.333333333333336,0.04535886553834091,0.16662628543191077,-9.390670521040533,-10.52523834590865,0.1675041876046965,1.3790208672887458,-0.3745318352059872,0.05401683694615749
9,2722951940,13.9061458,100.6996359,ซอยหนองระแหง 5; ถนนหนองระแหง,0.06566299469604243,high,2.0,four_way,Existing Signalized Four-Way,0.9146474911862008,0.012910721181603713,23.06372217480793,1.7943895055221224,49.324,3.9732200207556243,1.8146666666666667,0.035361623894335566,0.7476189235749193,0.015233715625801619,22.0,0.06505107093342387,0.0,0.0,0.0,0.0,0.0,0.0,0.0
9,2722951940,13.9061458,100.6996359,ซอยหนองระแหง 5; ถนนหนองระแหง,0.06566299469604243,high,2.0,roundabout,Roundabout,0.536059036881702,0.008990755566058458,81.40105332365971,4.758373330251904,255.26833333333332,13.26372165804991,1.0633333333333335,0.00862811940369655,0.4047329375553159,0.006207947270836604,27.0,0.04664857707361293,-41.391733750180606,252.93979309450995,417.5337225961668,-41.4033798677443,-45.863738223747966,22.727272727272727,-28.289301921938932
9,2722951940,13.9061458,100.6996359,ซอยหนองระแหง 5; ถนนหนองระแหง,0.06566299469604243,high,2.0,flyover,Flyover,0.9130142549649195,0.011842209583855144,19.8016027581621,2.830003699670203,44.844,7.727410921877751,1.8113333333333332,0.028546258754675487,0.7600488773626279,0.017231511169571726,21.833333333333332,0.06519112695583283,-0.1785645548716451,-14.14394169302377,-9.082799448544312,-0.18368846436444217,1.6626055595639295,-0.757575757575763,0.215301639772084
9,2722951940,13.9061458,100.6996359,ซอยหนองระแหง 5; ถนนหนองระแหง,0.06566299469604243,high,2.0,underpass,Underpass,0.9130142549649195,0.011842209583855144,19.8016027581621,2.830003699670203,44.844,7.727410921877751,1.8113333333333332,0.028546258754675487,0.7600488773626279,0.017231511169571726,21.833333333333332,0.06519112695583283,-0.1785645548716451,-14.14394169302377,-9.082799448544312,-0.18368846436444217,1.6626055595639295,-0.757575757575763,0.215301639772084
10,3010327836,13.8353969,100.7675243,ซอยประชาร่วมใจ 33; ซอยประชาร่วมใจ 44; ถนนประชาร่วมใจ,0.05310179518563852,high,2.0,four_way,Existing Signalized Four-Way,0.9214986748001359,0.008748175197516802,12.913687655618391,0.4691480257243553,27.647333333333332,0.8934475051419889,1.8283333333333334,0.034367297116752016,0.8063481794528762,0.005498190980284641,35.0,0.04582709703677444,0.0,0.0,0.0,0.0,0.0,0.0,0.0
10,3010327836,13.8353969,100.7675243,ซอยประชาร่วมใจ 33; ซอยประชาร่วมใจ 44; ถนนประชาร่วมใจ,0.05310179518563852,high,2.0,roundabout,Roundabout,0.5254943869374749,0.010159575117785041,78.1878089817199,2.968944720550142,246.95366666666666,11.952394850684387,1.0423333333333333,0.00904310664416701,0.40083087926555155,0.005622031251448757,40.0,0.033268092235387375,-42.973940027483,505.4646129504498,793.2277977381785,-42.989972652689154,-50.290595368179105,14.285714285714285,-27.405193899384372
10,3010327836,13.8353969,100.7675243,ซอยประชาร่วมใจ 33; ซอยประชาร่วมใจ 44; ถนนประชาร่วมใจ,0.05310179518563852,high,2.0,flyover,Flyover,0.92386035459137,0.00776619270284265,10.698185844601822,0.4561881588333073,22.768,0.9681904082703283,1.833,0.03244482495971692,0.824452927932672,0.0034040878382878494,34.833333333333336,0.04586976643428255,0.2562868353279242,-17.15622887977057,-17.64847724916206,0.25524156791248476,2.245276785033515,-0.4761904761904694,0.09310953620707074
10,3010327836,13.8353969,100.7675243,ซอยประชาร่วมใจ 33; ซอยประชาร่วมใจ 44; ถนนประชาร่วมใจ,0.05310179518563852,high,2.0,underpass,Underpass,0.92386035459137,0.00776619270284265,10.698185844601822,0.4561881588333073,22.768,0.9681904082703283,1.833,0.03244482495971692,0.824452927932672,0.0034040878382878494,34.833333333333336,0.04586976643428255,0.2562868353279242,-17.15622887977057,-17.64847724916206,0.25524156791248476,2.245276785033515,-0.4761904761904694,0.09310953620707074
